paraID,startByte,endByte,chapID
1,0,20,-1
2,23,25,-1
3,27,40,-1
4,42,48,-1
5,52,54,1
6,56,176,1
7,178,857,1
8,859,1781,1
9,1783,2564,1
10,2566,3271,1
11,3273,3853,1
12,3855,4217,1
13,4219,5437,1
14,5439,6200,1
15,6202,6690,1
16,6692,7576,1
17,7578,8357,1
18,8359,9415,1
19,9417,10415,1
20,10417,10491,1
21,10493,11479,1
22,11481,12631,1
23,12633,13762,1
24,13764,14121,1
25,14125,14128,1
26,14130,14227,1
27,14229,14703,1
28,14705,15886,1
29,15888,16646,1
30,16648,17373,1
31,17375,18488,1
32,18490,19479,1
33,19481,20190,1
34,20192,20706,1
35,20708,20867,1
36,20869,20920,1
37,20922,21073,1
38,21075,21371,1
39,21373,21447,1
40,21449,21493,1
41,21495,21534,1
42,21536,21780,1
43,21782,21856,1
44,21858,22028,1
45,22030,22145,1
46,22147,22284,1
47,22286,22786,1
48,22788,23359,1
49,23361,23954,1
50,23956,24336,1
51,24338,24549,1
52,24551,25013,1
53,25015,25344,1
54,25346,25595,1
55,25599,25603,1
56,25605,25644,1
57,25646,25969,1
58,25971,26578,1
59,26580,27418,1
60,27420,27978,1
61,27980,29145,1
62,29147,29941,1
63,29943,30225,1
64,30227,30941,1
65,30943,31421,1
66,31423,31905,1
67,31907,32322,1
68,32324,32588,1
69,32590,33128,1
70,33130,33714,1
71,33716,34362,1
72,34364,34779,1
73,34781,34908,1
74,34910,35318,1
75,35320,35513,1
76,35515,35560,1
77,35562,35677,1
78,35679,35791,1
79,35793,35829,1
80,35831,36483,1
81,36485,36570,1
82,36572,36746,1
83,36748,36810,1
84,36812,36961,1
85,36963,37028,1
86,37030,37386,1
87,37388,37582,1
88,37584,37628,1
89,37630,37748,1
90,37750,37972,1
91,37974,38211,1
92,38213,38442,1
93,38446,38449,1
94,38451,38833,1
95,38835,40419,1
96,40421,41330,1
97,41332,41935,1
98,41937,42657,1
99,42659,43447,1
100,43449,43650,1
101,43652,44459,1
102,44461,44614,1
103,44616,45067,1
104,45069,45377,1
105,45379,45605,1
106,45607,45825,1
107,45827,46171,1
108,46173,46931,1
109,46933,47082,1
110,47084,47330,1
111,47332,47622,1
112,47624,47696,1
113,47698,48451,1
114,48455,48457,1
115,48459,48532,1
116,48534,49020,1
117,49022,49644,1
118,49646,50147,1
119,50149,50659,1
120,50661,52342,1
121,52344,52933,1
122,52935,53345,1
123,53347,53489,1
124,53491,53852,1
125,53854,53916,1
126,53918,54046,1
127,54048,54358,1
128,54360,54865,1
129,54867,54955,1
130,54957,55288,1
131,55290,55747,1
132,55749,56169,1
133,56171,56584,1
134,56586,56983,1
135,56985,57550,1
136,57552,57965,1
137,57967,58513,1
138,58515,58832,1
139,58834,59153,1
140,59155,59304,1
141,59306,59620,1
142,59622,59755,1
143,59757,59834,1
144,59836,59917,1
145,59919,60139,1
146,60141,60278,1
147,60280,60460,1
148,60462,60540,1
149,60542,60626,1
150,60628,60821,1
151,60823,61115,1
152,61117,61300,1
153,61302,61478,1
154,61480,61515,1
155,61517,61583,1
156,61585,61682,1
157,61684,62043,1
158,62045,62137,1
159,62139,62307,1
160,62309,62367,1
161,62369,62714,1
162,62716,62941,1
163,62943,62998,1
164,63000,63036,1
165,63038,63406,1
166,63408,63869,1
167,63871,64381,1
168,64383,64605,1
169,64607,64807,1
170,64809,64900,1
171,64902,65046,1
172,65050,65053,1
173,65055,65503,1
174,65505,66244,1
175,66246,68966,1
176,68968,69773,1
177,69775,70209,1
178,70211,71462,1
179,71464,72316,1
180,72318,73015,1
181,73018,73049,1
182,73051,73438,1
183,73440,74354,1
184,74356,74860,1
185,74862,75231,1
186,75233,75781,1
187,75783,76435,1
188,76437,76883,1
189,76885,77724,1
190,77726,78207,1
191,78209,78666,1
192,78668,79466,1
193,79468,79899,1
194,79901,80194,1
195,80198,80202,1
196,80204,80288,1
197,80290,80864,1
198,80866,81990,1
199,81992,82265,1
200,82267,82513,1
201,82515,82941,1
202,82943,83073,1
203,83075,83148,1
204,83150,83298,1
205,83300,83642,1
206,83644,83927,1
207,83929,84199,1
208,84201,84453,1
209,84455,84656,1
210,84658,84861,1
211,84863,85101,1
212,85103,85174,1
213,85176,85209,1
214,85211,85253,1
215,85255,85418,1
216,85420,85567,1
217,85569,85623,1
218,85625,86152,1
219,86154,86196,1
220,86198,86323,1
221,86325,86934,1
222,86936,86981,1
223,86983,87159,1
224,87161,87236,1
225,87238,87301,1
226,87303,87794,1
227,87796,88025,1
228,88027,88095,1
229,88097,88265,1
230,88267,88342,1
231,88344,88725,1
232,88727,88824,1
233,88826,89044,1
234,89046,90299,1
235,90301,90590,1
236,90592,90826,1
237,90828,91285,1
238,91287,91595,1
239,91599,91604,1
240,91606,91689,1
241,91691,92076,1
242,92078,92781,1
243,92783,93383,1
244,93385,94268,1
245,94270,95283,1
246,95285,95799,1
247,95801,96887,1
248,96889,97672,1
249,97674,98355,1
250,98357,98667,1
251,98669,99516,1
252,99518,100189,1
253,100191,100649,1
254,100651,100698,1
255,100700,100763,1
256,100765,101058,1
257,101060,101543,1
258,101545,101669,1
259,101671,101735,1
260,101737,101876,1
261,101878,101931,1
262,101933,101998,1
263,102000,102032,1
264,102034,102135,1
265,102137,102292,1
266,102294,102364,1
267,102366,102650,1
268,102652,102732,1
269,102734,103162,1
270,103164,103463,1
271,103465,103578,1
272,103580,103758,1
273,103760,104052,1
274,104054,104112,1
275,104114,104224,1
276,104226,104389,1
277,104391,104980,1
278,104982,105282,1
279,105284,105477,1
280,105481,105484,1
281,105486,105758,1
282,105760,106373,1
283,106375,106641,1
284,106643,107199,1
285,107201,107784,1
286,107786,108012,1
287,108014,108780,1
288,108782,108974,1
289,108976,109962,1
290,109964,110458,1
291,110460,111459,1
292,111461,111561,1
293,111563,112665,1
294,112667,114279,1
295,114281,114610,1
296,114612,115004,1
297,115006,115175,1
298,115177,115309,1
299,115311,115382,1
300,115384,115515,1
301,115517,115686,1
302,115688,115806,1
303,115808,116109,1
304,116111,116164,1
305,116166,116433,1
306,116435,116466,1
307,116468,116699,1
308,116701,116795,1
309,116797,116839,1
310,116841,116975,1
311,116977,117401,1
312,117403,117426,1
313,117428,117634,1
314,117636,117725,1
315,117727,117840,1
316,117842,118025,1
317,118027,118736,1
318,118738,118839,1
319,118841,118942,1
320,118944,119056,1
321,119058,119247,1
322,119249,119326,1
323,119328,119360,1
324,119362,119377,1
325,119379,119442,1
326,119444,119632,1
327,119634,119749,1
328,119751,119890,1
329,119892,119999,1
330,120001,120170,1
331,120172,120276,1
332,120278,121011,1
333,121013,121263,1
334,121265,121361,1
335,121363,121821,1
336,121823,121945,1
337,121947,122343,1
338,122345,122416,1
339,122418,122663,1
340,122665,123035,1
341,123037,123263,1
342,123265,123659,1
343,123661,123921,1
344,123923,124302,1
345,124304,124375,1
346,124377,124592,1
347,124594,124746,1
348,124748,125063,1
349,125065,125691,1
350,125693,125921,1
351,125923,126272,1
352,126274,126479,1
353,126481,126876,1
354,126878,127563,1
355,127565,127622,1
356,127624,127664,1
357,127668,127670,1
358,127672,128083,1
359,128085,128462,1
360,128464,128560,1
361,128562,128621,1
362,128623,128891,1
363,128893,129177,1
364,129179,129553,1
365,129555,130097,1
366,130099,130264,1
367,130266,130550,1
368,130552,130699,1
369,130701,131234,1
370,131236,131317,1
371,131319,131477,1
372,131479,131552,1
373,131554,131598,1
374,131600,131846,1
375,131848,132029,1
376,132031,132161,1
377,132163,132200,1
378,132202,132218,1
379,132220,132261,1
380,132263,132294,1
381,132296,132352,1
382,132354,132382,1
383,132384,132713,1
384,132715,132763,1
385,132765,132880,1
386,132882,133268,1
387,133271,133702,1
388,133704,134934,1
389,134936,135279,1
390,135281,135342,1
391,135344,135366,1
392,135368,135401,1
393,135403,135649,1
394,135651,135774,1
395,135776,135882,1
396,135884,135927,1
397,135929,136075,1
398,136077,136236,1
399,136238,136352,1
400,136354,136503,1
401,136505,136539,1
402,136541,136573,1
403,136575,136614,1
404,136616,136639,1
405,136641,136698,1
406,136700,136761,1
407,136763,136833,1
408,136835,137109,1
409,137111,137181,1
410,137183,137388,1
411,137390,137561,1
412,137563,137806,1
413,137808,137931,1
414,137933,138029,1
415,138031,138096,1
416,138098,138225,1
417,138227,138240,1
418,138242,138369,1
419,138371,138538,1
420,138540,138620,1
421,138622,138689,1
422,138691,138786,1
423,138788,138827,1
424,138829,138865,1
425,138867,139145,1
426,139147,139670,1
427,139672,139968,1
428,139970,140225,1
429,140227,140430,1
430,140432,140561,1
431,140563,140657,1
432,140659,140738,1
433,140740,140846,1
434,140848,140953,1
435,140955,141002,1
436,141004,141241,1
437,141243,141261,1
438,141263,141949,1
439,141951,142292,1
440,142294,142710,1
441,142712,142802,1
442,142804,143634,1
443,143636,143863,1
444,143865,144009,1
445,144011,144122,1
446,144124,144439,1
447,144441,144540,1
448,144542,144731,1
449,144733,144999,1
450,145001,145086,1
451,145090,145093,1
452,145095,145292,1
453,145294,145712,1
454,145714,146217,1
455,146219,146306,1
456,146308,146325,1
457,146327,146762,1
458,146764,147537,1
459,147539,147690,1
460,147692,147846,1
461,147848,147959,1
462,147961,148221,1
463,148223,148616,1
464,148618,148664,1
465,148666,148815,1
466,148817,148884,1
467,148886,148917,1
468,148919,148966,1
469,148968,148976,1
470,148978,149124,1
471,149126,150397,1
472,150399,150689,1
473,150691,150918,1
474,150921,151429,1
475,151431,151530,1
476,151532,151703,1
477,151705,152391,1
478,152393,152793,1
479,152795,154226,1
480,154228,154659,1
481,154661,155358,1
482,155361,156144,1
483,156146,156747,1
484,156749,156858,1
485,156860,157206,1
486,157208,157247,1
487,157249,157409,1
488,157411,157695,1
489,157697,157732,1
490,157734,157805,1
491,157807,157944,1
492,157946,158022,1
493,158024,158064,1
494,158066,158294,1
495,158296,158366,1
496,158368,158393,1
497,158395,158499,1
498,158501,158599,1
499,158601,158722,1
500,158724,158778,1
501,158780,158887,1
502,158889,159232,1
503,159234,159413,1
504,159415,159592,1
505,159596,159600,1
506,159602,160958,1
507,160960,161512,1
508,161514,161833,1
509,161835,162600,1
510,162602,162840,1
511,162842,163578,1
512,163580,164785,1
513,164787,165269,1
514,165271,165857,1
515,165860,166149,1
516,166151,166601,1
517,166603,167306,1
518,167308,168235,1
519,168237,168412,1
520,168414,168557,1
521,168559,168635,1
522,168637,168730,1
523,168732,168930,1
524,168932,168980,1
525,168982,169104,1
526,169106,169246,1
527,169248,169594,1
528,169596,169982,1
529,169984,170133,1
530,170135,170474,1
531,170476,170549,1
532,170551,170742,1
533,170744,170758,1
534,170760,170818,1
535,170820,170842,1
536,170844,170957,1
537,170959,171313,1
538,171315,171462,1
539,171464,171555,1
540,171557,171686,1
541,171688,171719,1
542,171721,171809,1
543,171811,171899,1
544,171901,171996,1
545,171998,172023,1
546,172025,172108,1
547,172110,172175,1
548,172177,172283,1
549,172285,172443,1
550,172445,172492,1
551,172494,172577,1
552,172579,172584,1
553,172586,172658,1
554,172660,172839,1
555,172841,173054,1
556,173056,173098,1
557,173100,173341,1
558,173343,173744,1
559,173746,173866,1
560,173868,173888,1
561,173890,173930,1
562,173932,173996,1
563,173998,174067,1
564,174069,174094,1
565,174096,174242,1
566,174244,174260,1
567,174262,174612,1
568,174614,174694,1
569,174696,174742,1
570,174744,174749,1
571,174751,174826,1
572,174828,174938,1
573,174940,174948,1
574,174950,175099,1
575,175101,175108,1
576,175110,175154,1
577,175156,175466,1
578,175468,175546,1
579,175548,175891,1
580,175893,176060,1
581,176062,176070,1
582,176072,176268,1
583,176270,176418,1
584,176420,176610,1
585,176612,176675,1
586,176677,176720,1
587,176722,176834,1
588,176836,176848,1
589,176850,176876,1
590,176878,177138,1
591,177140,177196,1
592,177198,177352,1
593,177354,177388,1
594,177390,177890,1
595,177892,177926,1
596,177928,178130,1
597,178132,178249,1
598,178251,178906,1
599,178908,179309,1
600,179311,179355,1
601,179357,179546,1
602,179548,179672,1
603,179674,179860,1
604,179862,179898,1
605,179900,179941,1
606,179943,180216,1
607,180220,180225,1
608,180227,180271,1
609,180273,180703,1
610,180705,181236,1
611,181238,181576,1
612,181578,181938,1
613,181940,182155,1
614,182157,184046,1
615,184048,184849,1
616,184851,185584,1
617,185586,185996,1
618,185998,186220,1
619,186222,186687,1
620,186689,187331,1
621,187333,187447,1
622,187449,187893,1
623,187895,188009,1
624,188011,188211,1
625,188213,188280,1
626,188282,188968,1
627,188970,189304,1
628,189306,190267,1
629,190269,190413,1
630,190415,190502,1
631,190504,190628,1
632,190630,190639,1
633,190641,190861,1
634,190863,190913,1
635,190915,191793,1
636,191795,192527,1
637,192529,192533,1
638,192535,192773,1
639,192775,193260,1
640,193262,193495,1
641,193497,193778,1
642,193780,193828,1
643,193830,194274,1
644,194276,194592,1
645,194594,194664,1
646,194666,194779,1
647,194781,194816,1
648,194818,195014,1
649,195016,195092,1
650,195094,195256,1
651,195258,195346,1
652,195348,195445,1
653,195447,195671,1
654,195673,196881,1
655,196883,197479,1
656,197481,198016,1
657,198018,198363,1
658,198365,198771,1
659,198773,198846,1
660,198848,199267,1
661,199269,199856,1
662,199858,200494,1
663,200497,201754,1
664,201756,202346,1
665,202348,202998,1
666,203000,203410,1
667,203412,204137,1
668,204139,204913,1
669,204915,205187,1
670,205189,205803,1
671,205807,205810,1
672,205812,205970,1
673,205972,206760,1
674,206762,207776,1
675,207778,208226,1
676,208228,208472,1
677,208474,208821,1
678,208823,208964,1
679,208966,209457,1
680,209459,209520,1
681,209522,209700,1
682,209702,209780,1
683,209782,209853,1
684,209855,210063,1
685,210065,210169,1
686,210171,210570,1
687,210572,210626,1
688,210628,210881,1
689,210883,210931,1
690,210933,210991,1
691,210993,211096,1
692,211098,211125,1
693,211127,211315,1
694,211317,211369,1
695,211371,211445,1
696,211447,211533,1
697,211535,211581,1
698,211583,211715,1
699,211717,211776,1
700,211778,212324,1
701,212326,212368,1
702,212370,212616,1
703,212618,212652,1
704,212654,213099,1
705,213101,213638,1
706,213640,213759,1
707,213761,213832,1
708,213834,213899,1
709,213901,214008,1
710,214010,214082,1
711,214084,214599,1
712,214601,214751,1
713,214753,214978,1
714,214980,215374,1
715,215376,215420,1
716,215422,215575,1
717,215577,215618,1
718,215620,215802,1
719,215804,215876,1
720,215879,216008,1
721,216010,216486,1
722,216488,217227,1
723,217229,218102,1
724,218104,218731,1
725,218733,219472,1
726,219474,220056,1
727,220058,220783,1
728,220785,221516,1
729,221518,221758,1
730,221760,223089,1
731,223091,223548,1
732,223550,224095,1
733,224097,224700,1
734,224704,224708,1
735,224710,224956,1
736,224958,225206,1
737,225208,225635,1
738,225637,226391,1
739,226393,226792,1
740,226794,226889,1
741,226891,227160,1
742,227162,227919,1
743,227921,228357,1
744,228359,228945,1
745,228947,229438,1
746,229440,229714,1
747,229716,230028,1
748,230030,230160,1
749,230162,230343,1
750,230345,231048,1
751,231050,231458,1
752,231460,231740,1
753,231742,232089,1
754,232091,232546,1
755,232548,232751,1
756,232753,233196,1
757,233198,233345,1
758,233347,233981,1
759,233983,234074,1
760,234076,234335,1
761,234337,234724,1
762,234726,234876,1
763,234878,234943,1
764,234945,235047,1
765,235049,235197,1
766,235199,235417,1
767,235419,235472,1
768,235474,235551,1
769,235553,235624,1
770,235626,235707,1
771,235709,235777,1
772,235779,235888,1
773,235890,236205,1
774,236207,236294,1
775,236296,236552,1
776,236554,236931,1
777,236933,236987,1
778,236989,237247,1
779,237249,237488,1
780,237490,237703,1
781,237705,237916,1
782,237918,238035,1
783,238037,238594,1
784,238596,238821,1
785,238823,238881,1
786,238883,238950,1
787,238952,239035,1
788,239037,239301,1
789,239303,239895,1
790,239897,240470,1
791,240472,241323,1
792,241325,241900,1
793,241902,242210,1
794,242214,242219,1
795,242221,242353,1
796,242355,242696,1
797,242698,243034,1
798,243036,243167,1
799,243169,243254,1
800,243256,243287,1
801,243289,243410,1
802,243412,243507,1
803,243509,243586,1
804,243588,243628,1
805,243631,243769,1
806,243771,244122,1
807,244124,244325,1
808,244327,244412,1
809,244414,244456,1
810,244458,244570,1
811,244572,245424,1
812,245426,245491,1
813,245493,245850,1
814,245852,246174,1
815,246176,246338,1
816,246340,246422,1
817,246424,246498,1
818,246500,246597,1
819,246599,246765,1
820,246767,246890,1
821,246892,247061,1
822,247063,247304,1
823,247306,247838,1
824,247840,248111,1
825,248113,248253,1
826,248255,248334,1
827,248336,248443,1
828,248445,248590,1
829,248592,248611,1
830,248613,248669,1
831,248671,249147,1
832,249149,249442,1
833,249445,249792,1
834,249794,250738,1
835,250740,250883,1
836,250885,251420,1
837,251422,251934,1
838,251936,252160,1
839,252162,252318,1
840,252320,252413,1
841,252415,252501,1
842,252503,252908,1
843,252910,253090,1
844,253092,253187,1
845,253189,253303,1
846,253305,253369,1
847,253371,253640,1
848,253642,253817,1
849,253819,253936,1
850,253938,254055,1
851,254057,254143,1
852,254145,254194,1
853,254196,254689,1
854,254691,254907,1
855,254909,255099,1
856,255101,255263,1
857,255265,255389,1
858,255391,255517,1
859,255519,255678,1
860,255681,255818,1
861,255820,255919,1
862,255921,256191,1
863,256193,256364,1
864,256366,256450,1
865,256452,256802,1
866,256804,257075,1
867,257077,257120,1
868,257122,257386,1
869,257388,257501,1
870,257503,257660,1
871,257662,257735,1
872,257737,258701,1
873,258703,258879,1
874,258881,259168,1
875,259170,259226,1
876,259228,259555,1
877,259557,259646,1
878,259648,259865,1
879,259867,260085,1
880,260089,260095,1
881,260097,260195,1
882,260197,260420,1
883,260422,260581,1
884,260583,261019,1
885,261021,261089,1
886,261091,261773,1
887,261775,262130,1
888,262132,262219,1
889,262221,262487,1
890,262489,263149,1
891,263151,263355,1
892,263357,263533,1
893,263535,263667,1
894,263669,263713,1
895,263715,263849,1
896,263851,263921,1
897,263923,264000,1
898,264002,264113,1
899,264115,264328,1
900,264330,264550,1
901,264552,264644,1
902,264646,264876,1
903,264878,264909,1
904,264911,265073,1
905,265075,265144,1
906,265146,265566,1
907,265568,265624,1
908,265626,265716,1
909,265718,265959,1
910,265961,266013,1
911,266015,266191,1
912,266193,266248,1
913,266250,266298,1
914,266300,266663,1
915,266665,267057,1
916,267059,267188,1
917,267190,267323,1
918,267325,267373,1
919,267375,267439,1
920,267441,267565,1
921,267567,267598,1
922,267600,267771,1
923,267773,267869,1
924,267871,267991,1
925,267993,268035,1
926,268037,268052,1
927,268054,268198,1
928,268200,268260,1
929,268262,268290,1
930,268292,268347,1
931,268349,268394,1
932,268396,268518,1
933,268520,268609,1
934,268611,268657,1
935,268659,268696,1
936,268698,268834,1
937,268836,268869,1
938,268871,268906,1
939,268908,269020,1
940,269022,269329,1
941,269331,269419,1
942,269421,269609,1
943,269611,269782,1
944,269784,270027,1
945,270029,270167,1
946,270169,270270,1
947,270272,270300,1
948,270302,270861,1
949,270863,271059,1
950,271061,271104,1
951,271106,271120,1
952,271122,271156,1
953,271158,271291,1
954,271293,271308,1
955,271310,271379,1
956,271381,271403,1
957,271405,271411,1
958,271413,271552,1
959,271554,271613,1
960,271615,271981,1
961,271983,272023,1
962,272025,272206,1
963,272208,272645,1
964,272647,272769,1
965,272771,272921,1
966,272923,272960,1
967,272962,273042,1
968,273044,273266,1
969,273268,273486,1
970,273488,273566,1
971,273568,273631,1
972,273633,273796,1
973,273798,273827,1
974,273829,274047,1
975,274049,274064,1
976,274066,274486,1
977,274488,274518,1
978,274520,275391,1
979,275393,275719,1
980,275721,275855,1
981,275857,276003,1
982,276005,276184,1
983,276186,276223,1
984,276225,276515,1
985,276517,276605,1
986,276607,276756,1
987,276758,276945,1
988,276947,277197,1
989,277199,277324,1
990,277326,277351,1
991,277353,277439,1
992,277441,277526,1
993,277528,277570,1
994,277572,277631,1
995,277633,277889,1
996,277891,278147,1
997,278149,278218,1
998,278220,278279,1
999,278281,278461,1
1000,278463,278621,1
1001,278623,278807,1
1002,278809,278977,1
1003,278979,279234,1
1004,279237,279590,1
1005,279592,279877,1
1006,279879,280202,1
1007,280204,280346,1
1008,280348,280426,1
1009,280428,280545,1
1010,280547,280720,1
1011,280722,280759,1
1012,280761,280832,1
1013,280834,281023,1
1014,281028,281035,1
1015,281039,281043,1
1016,281045,281312,1
1017,281314,281459,1
1018,281461,282347,1
1019,282349,283262,1
1020,283264,283426,1
1021,283428,283855,1
1022,283857,284138,1
1023,284140,284545,1
1024,284547,284831,1
1025,284833,285226,1
1026,285228,285450,1
1027,285452,285634,1
1028,285636,286037,1
1029,286039,287050,1
1030,287052,287170,1
1031,287172,287255,1
1032,287257,287629,1
1033,287631,288783,1
1034,288785,289912,1
1035,289914,290848,1
1036,290850,291741,1
1037,291743,291796,1
1038,291798,291833,1
1039,291835,292172,1
1040,292174,292812,1
1041,292814,292926,1
1042,292928,293103,1
1043,293105,293174,1
1044,293176,293472,1
1045,293474,293995,1
1046,293997,294303,1
1047,294305,294536,1
1048,294538,294960,1
1049,294962,295133,1
1050,295136,295777,1
1051,295779,296088,1
1052,296090,296713,1
1053,296715,297659,1
1054,297661,298147,1
1055,298149,298833,1
1056,298835,299132,1
1057,299134,299268,1
1058,299270,299475,1
1059,299477,299851,1
1060,299853,299979,1
1061,299981,300187,1
1062,300189,300645,1
1063,300647,301042,1
1064,301044,301470,1
1065,301472,301678,1
1066,301682,301685,1
1067,301687,301877,1
1068,301879,302175,1
1069,302177,303317,1
1070,303319,303566,1
1071,303568,305165,1
1072,305167,305429,1
1073,305431,305571,1
1074,305573,305898,1
1075,305900,305979,1
1076,305981,306139,1
1077,306141,306252,1
1078,306254,306368,1
1079,306370,306538,1
1080,306540,306587,1
1081,306589,306710,1
1082,306712,306811,1
1083,306813,306901,1
1084,306903,307029,1
1085,307031,307196,1
1086,307199,307354,1
1087,307356,308056,1
1088,308058,308497,1
1089,308499,308910,1
1090,308912,310042,1
1091,310044,310365,1
1092,310367,310941,1
1093,310943,312237,1
1094,312239,312819,1
1095,312821,313124,1
1096,313126,313374,1
1097,313376,313686,1
1098,313688,314081,1
1099,314083,314375,1
1100,314377,314755,1
1101,314757,315324,1
1102,315326,316081,1
1103,316083,316436,1
1104,316438,317631,1
1105,317633,318956,1
1106,318958,319295,1
1107,319297,319521,1
1108,319523,320023,1
1109,320025,320324,1
1110,320326,320477,1
1111,320479,320630,1
1112,320632,321179,1
1113,321181,321221,1
1114,321223,321485,1
1115,321487,321982,1
1116,321984,322111,1
1117,322113,322267,1
1118,322269,322392,1
1119,322394,322494,1
1120,322496,322669,1
1121,322671,323016,1
1122,323018,323553,1
1123,323557,323561,1
1124,323563,323631,1
1125,323633,323893,1
1126,323895,324606,1
1127,324608,325184,1
1128,325186,325568,1
1129,325570,326873,1
1130,326875,327305,1
1131,327307,327751,1
1132,327753,328265,1
1133,328267,328830,1
1134,328832,329584,1
1135,329586,329840,1
1136,329842,330195,1
1137,330197,330615,1
1138,330617,330919,1
1139,330921,332264,1
1140,332266,332715,1
1141,332717,333820,1
1142,333822,334234,1
1143,334236,334496,1
1144,334498,334673,1
1145,334675,335168,1
1146,335170,335963,1
1147,335965,336138,1
1148,336140,336705,1
1149,336707,337066,1
1150,337068,337236,1
1151,337238,337564,1
1152,337566,337715,1
1153,337717,339034,1
1154,339036,339497,1
1155,339499,339781,1
1156,339783,340353,1
1157,340355,340421,1
1158,340423,341067,1
1159,341069,341351,1
1160,341353,341496,1
1161,341498,342911,1
1162,342913,343469,1
1163,343471,344254,1
1164,344256,344300,1
1165,344302,345013,1
1166,345015,345233,1
1167,345235,345577,1
1168,345579,345612,1
1169,345615,345795,1
1170,345797,345895,1
1171,345897,346231,1
1172,346233,346426,1
1173,346428,346598,1
1174,346600,346608,1
1175,346610,346767,1
1176,346769,346974,1
1177,346976,347439,1
1178,347441,348363,1
1179,348365,348574,1
1180,348578,348583,1
1181,348585,348626,1
1182,348628,348823,1
1183,348825,349043,1
1184,349045,349089,1
1185,349092,349230,1
1186,349232,349372,1
1187,349374,350206,1
1188,350208,350796,1
1189,350798,351101,1
1190,351103,351536,1
1191,351538,352009,1
1192,352011,352697,1
1193,352699,353384,1
1194,353386,353606,1
1195,353608,353771,1
1196,353773,354479,1
1197,354481,355043,1
1198,355045,355363,1
1199,355365,355754,1
1200,355756,356972,1
1201,356974,357471,1
1202,357473,357972,1
1203,357974,358550,1
1204,358552,358926,1
1205,358928,359518,1
1206,359520,360014,1
1207,360016,360238,1
1208,360240,360578,1
1209,360580,360742,1
1210,360744,361000,1
1211,361002,361595,1
1212,361597,361747,1
1213,361749,361849,1
1214,361851,361867,1
1215,361869,362390,1
1216,362392,362552,1
1217,362554,362687,1
1218,362689,363018,1
1219,363020,363518,1
1220,363520,363638,1
1221,363640,363837,1
1222,363839,364287,1
1223,364291,364297,1
1224,364299,364623,1
1225,364625,365151,1
1226,365153,366073,1
1227,366075,366379,1
1228,366381,366717,1
1229,366719,366864,1
1230,366866,367054,1
1231,367056,367386,1
1232,367388,367912,1
1233,367914,368069,1
1234,368071,368208,1
1235,368210,368565,1
1236,368567,368911,1
1237,368913,369015,1
1238,369017,369100,1
1239,369102,369137,1
1240,369139,369206,1
1241,369208,369244,1
1242,369246,369331,1
1243,369333,369354,1
1244,369356,369635,1
1245,369637,369806,1
1246,369808,369846,1
1247,369848,369854,1
1248,369856,369874,1
1249,369876,369887,1
1250,369889,369934,1
1251,369936,369973,1
1252,369975,370029,1
1253,370031,370110,1
1254,370112,370253,1
1255,370255,370289,1
1256,370291,370362,1
1257,370364,370428,1
1258,370430,370470,1
1259,370472,370590,1
1260,370592,370611,1
1261,370613,370619,1
1262,370621,370637,1
1263,370639,370850,1
1264,370852,370878,1
1265,370880,370933,1
1266,370935,371289,1
1267,371291,371310,1
1268,371312,371509,1
1269,371511,371560,1
1270,371562,371677,1
1271,371679,371859,1
1272,371861,372002,1
1273,372004,372449,1
1274,372451,372722,1
1275,372724,372891,1
1276,372893,373079,1
1277,373081,373117,1
1278,373119,373148,1
1279,373150,373191,1
1280,373193,373380,1
1281,373382,373522,1
1282,373524,373700,1
1283,373702,373739,1
1284,373741,373754,1
1285,373756,373853,1
1286,373855,373897,1
1287,373899,373970,1
1288,373972,374208,1
1289,374210,374333,1
1290,374335,374779,1
1291,374781,375108,1
1292,375110,375233,1
1293,375235,375477,1
1294,375479,375726,1
1295,375728,375925,1
1296,375927,376346,1
1297,376348,376920,1
1298,376922,377796,1
1299,377798,378113,1
1300,378115,378175,1
1301,378177,378468,1
1302,378471,378709,1
1303,378711,379580,1
1304,379582,380296,1
1305,380298,380581,1
1306,380583,381623,1
1307,381625,381630,1
1308,381632,382109,1
1309,382111,382788,1
1310,382790,382893,1
1311,382895,383074,1
1312,383076,383096,1
1313,383098,383533,1
1314,383535,383630,1
1315,383632,383705,1
1316,383707,384052,1
1317,384054,384240,1
1318,384242,384295,1
1319,384297,384667,1
1320,384669,385096,1
1321,385098,385221,1
1322,385223,385418,1
1323,385420,385548,1
1324,385550,385580,1
1325,385582,385717,1
1326,385719,385826,1
1327,385828,385902,1
1328,385904,385960,1
1329,385962,386114,1
1330,386116,386215,1
1331,386217,386278,1
1332,386280,386677,1
1333,386679,386822,1
1334,386824,386893,1
1335,386895,387237,1
1336,387239,387315,1
1337,387317,387601,1
1338,387603,387641,1
1339,387643,387718,1
1340,387720,388538,1
1341,388540,388754,1
1342,388756,388894,1
1343,388896,388958,1
1344,388960,389025,1
1345,389027,389173,1
1346,389175,389526,1
1347,389528,389564,1
1348,389566,389604,1
1349,389606,389633,1
1350,389635,389646,1
1351,389648,389689,1
1352,389691,389719,1
1353,389721,390163,1
1354,390165,390507,1
1355,390509,390711,1
1356,390713,390823,1
1357,390825,391053,1
1358,391057,391061,1
1359,391063,391197,1
1360,391199,392294,1
1361,392296,392990,1
1362,392992,393842,1
1363,393844,394170,1
1364,394172,394404,1
1365,394406,394654,1
1366,394656,394738,1
1367,394740,394915,1
1368,394917,395127,1
1369,395129,395324,1
1370,395326,395600,1
1371,395602,395833,1
1372,395835,396099,1
1373,396101,396282,1
1374,396284,396419,1
1375,396421,396503,1
1376,396505,396668,1
1377,396670,396915,1
1378,396917,396964,1
1379,396966,397217,1
1380,397219,397299,1
1381,397301,397470,1
1382,397472,397664,1
1383,397666,397723,1
1384,397725,397878,1
1385,397880,397967,1
1386,397969,398117,1
1387,398119,398252,1
1388,398254,398354,1
1389,398356,398419,1
1390,398421,398667,1
1391,398669,398938,1
1392,398940,399025,1
1393,399027,399253,1
1394,399255,399521,1
1395,399523,399753,1
1396,399755,399916,1
1397,399918,399971,1
1398,399973,400303,1
1399,400305,400525,1
1400,400527,400580,1
1401,400582,400797,1
1402,400799,400883,1
1403,400885,401139,1
1404,401141,401803,1
1405,401805,402589,1
1406,402591,402820,1
1407,402822,402850,1
1408,402852,402878,1
1409,402880,403194,1
1410,403196,403376,1
1411,403378,403656,1
1412,403658,403747,1
1413,403749,404059,1
1414,404061,404134,1
1415,404136,404168,1
1416,404170,404258,1
1417,404260,404358,1
1418,404360,404373,1
1419,404375,404770,1
1420,404772,404808,1
1421,404810,404864,1
1422,404866,404913,1
1423,404915,405113,1
1424,405115,405455,1
1425,405457,405493,1
1426,405495,406219,1
1427,406221,406579,1
1428,406581,406613,1
1429,406615,407256,1
1430,407258,407296,1
1431,407298,407349,1
1432,407353,407358,1
1433,407360,407502,1
1434,407504,407899,1
1435,407901,408503,1
1436,408505,408871,1
1437,408873,409816,1
1438,409818,409971,1
1439,409973,410134,1
1440,410136,410341,1
1441,410343,410736,1
1442,410738,411059,1
1443,411061,411778,1
1444,411780,411951,1
1445,411953,412272,1
1446,412274,412358,1
1447,412360,412627,1
1448,412629,412772,1
1449,412774,413611,1
1450,413613,413751,1
1451,413753,413981,1
1452,413983,414509,1
1453,414511,414755,1
1454,414757,415016,1
1455,415018,415394,1
1456,415396,415660,1
1457,415662,415811,1
1458,415813,415887,1
1459,415889,416048,1
1460,416050,416088,1
1461,416090,417030,1
1462,417032,417210,1
1463,417212,417506,1
1464,417508,417677,1
1465,417679,417760,1
1466,417762,417946,1
1467,417948,418073,1
1468,418075,418200,1
1469,418202,418515,1
1470,418517,418809,1
1471,418811,419179,1
1472,419181,419993,1
1473,419995,420087,1
1474,420089,420253,1
1475,420255,420369,1
1476,420371,420401,1
1477,420403,420490,1
1478,420492,420564,1
1479,420566,420574,1
1480,420576,420591,1
1481,420593,420744,1
1482,420746,420780,1
1483,420782,420890,1
1484,420892,421350,1
1485,421352,421436,1
1486,421438,421559,1
1487,421561,421623,1
1488,421625,421714,1
1489,421716,421923,1
1490,421925,422150,1
1491,422152,422319,1
1492,422321,422931,1
1493,422933,423088,1
1494,423090,423767,1
1495,423769,423907,1
1496,423909,424158,1
1497,424160,424296,1
1498,424298,424396,1
1499,424398,424521,1
1500,424523,424943,1
1501,424945,425140,1
1502,425142,425303,1
1503,425305,425493,1
1504,425495,425763,1
1505,425765,426052,1
1506,426054,427365,1
1507,427367,427543,1
1508,427545,427688,1
1509,427692,427698,1
1510,427700,428100,1
1511,428102,428720,1
1512,428722,429492,1
1513,429494,430125,1
1514,430127,430850,1
1515,430852,430953,1
1516,430955,431505,1
1517,431507,432309,1
1518,432311,433137,1
1519,433139,434082,1
1520,434084,434650,1
1521,434652,435095,1
1522,435097,435488,1
1523,435490,435740,1
1524,435742,436277,1
1525,436279,437274,1
1526,437276,437590,1
1527,437592,438656,1
1528,438658,438775,1
1529,438777,438990,1
1530,438992,439169,1
1531,439171,439314,1
1532,439316,439651,1
1533,439653,439747,1
1534,439749,439911,1
1535,439913,440144,1
1536,440146,440564,1
1537,440566,441006,1
1538,441008,441095,1
1539,441099,441106,1
1540,441108,441265,1
1541,441267,441399,1
1542,441401,441654,1
1543,441656,441876,1
1544,441878,441935,1
1545,441937,442066,1
1546,442068,442180,1
1547,442182,442203,1
1548,442205,442467,1
1549,442469,443078,1
1550,443080,443400,1
1551,443402,444981,1
1552,444983,445449,1
1553,445451,445720,1
1554,445722,446486,1
1555,446488,447102,1
1556,447104,448752,1
1557,448754,448873,1
1558,448875,449131,1
1559,449133,449800,1
1560,449802,450373,1
1561,450375,450690,1
1562,450692,450854,1
1563,450856,451046,1
1564,451048,451316,1
1565,451318,451678,1
1566,451680,451717,1
1567,451719,451820,1
1568,451822,451851,1
1569,451853,452095,1
1570,452097,452183,1
1571,452185,452385,1
1572,452387,452752,1
1573,452754,453116,1
1574,453118,453281,1
1575,453283,453516,1
1576,453518,453720,1
1577,453724,453729,1
1578,453731,453898,1
1579,453900,454507,1
1580,454509,455281,1
1581,455283,455704,1
1582,455706,455823,1
1583,455825,456442,1
1584,456444,456483,1
1585,456485,456893,1
1586,456895,456904,1
1587,456906,457018,1
1588,457020,457092,1
1589,457094,457133,1
1590,457135,457158,1
1591,457160,457254,1
1592,457256,457283,1
1593,457285,457326,1
1594,457328,457366,1
1595,457368,457390,1
1596,457392,457963,1
1597,457965,458058,1
1598,458060,458066,1
1599,458068,458130,1
1600,458132,458264,1
1601,458266,458769,1
1602,458771,458800,1
1603,458802,458825,1
1604,458827,458853,1
1605,458855,458882,1
1606,458884,458996,1
1607,458998,459032,1
1608,459034,459040,1
1609,459042,459185,1
1610,459187,459278,1
1611,459280,459369,1
1612,459371,459604,1
1613,459606,459670,1
1614,459672,459754,1
1615,459756,459812,1
1616,459814,459865,1
1617,459867,459960,1
1618,459962,460016,1
1619,460018,460423,1
1620,460425,460488,1
1621,460490,460503,1
1622,460505,460544,1
1623,460546,461018,1
1624,461020,461828,1
1625,461830,461952,1
1626,461954,461989,1
1627,461991,462112,1
1628,462114,462239,1
1629,462241,462446,1
1630,462448,462523,1
1631,462525,462689,1
1632,462691,462800,1
1633,462802,463215,1
1634,463217,463477,1
1635,463479,463931,1
1636,463933,464042,1
1637,464044,464092,1
1638,464094,464406,1
1639,464408,464611,1
1640,464613,464665,1
1641,464667,464996,1
1642,464998,465032,1
1643,465034,465160,1
1644,465162,465442,1
1645,465444,465515,1
1646,465517,465772,1
1647,465774,466278,1
1648,466280,466378,1
1649,466382,466386,1
1650,466388,466469,1
1651,466471,466811,1
1652,466813,467160,1
1653,467162,467560,1
1654,467562,467757,1
1655,467759,467830,1
1656,467832,467946,1
1657,467948,468103,1
1658,468105,469156,1
1659,469158,469345,1
1660,469347,469359,1
1661,469361,469512,1
1662,469514,469834,1
1663,469836,470442,1
1664,470444,470852,1
1665,470854,471780,1
1666,471782,471802,1
1667,471804,471848,1
1668,471850,472472,1
1669,472474,472610,1
1670,472612,472788,1
1671,472790,473366,1
1672,473368,473464,1
1673,473466,473490,1
1674,473492,473642,1
1675,473644,473696,1
1676,473698,473796,1
1677,473798,473920,1
1678,473922,473994,1
1679,473996,474080,1
1680,474082,474656,1
1681,474658,475024,1
1682,475026,475154,1
1683,475156,475296,1
1684,475298,475856,1
1685,475858,476056,1
1686,476058,476247,1
1687,476249,476654,1
1688,476656,477086,1
1689,477088,477276,1
1690,477278,477340,1
1691,477342,477605,1
1692,477607,477720,1
1693,477722,477913,1
1694,477915,478326,1
1695,478328,478674,1
1696,478676,479663,1
1697,479665,480490,1
1698,480492,480555,1
1699,480557,481182,1
1700,481184,481202,1
1701,481204,481436,1
1702,481438,481512,1
1703,481514,481557,1
1704,481559,481698,1
1705,481700,481832,1
1706,481834,482083,1
1707,482085,482230,1
1708,482232,482285,1
1709,482287,482438,1
1710,482440,482560,1
1711,482562,483501,1
1712,483503,483582,1
1713,483584,483851,1
1714,483855,483860,1
1715,483862,484180,1
1716,484182,484769,1
1717,484771,485437,1
1718,485439,486297,1
1719,486299,486890,1
1720,486892,487705,1
1721,487707,488141,1
1722,488143,488564,1
1723,488566,488848,1
1724,488850,489288,1
1725,489290,489476,1
1726,489478,489543,1
1727,489545,490025,1
1728,490027,490681,1
1729,490683,490971,1
1730,490973,491440,1
1731,491442,491503,1
1732,491505,492100,1
1733,492102,492226,1
1734,492228,492315,1
1735,492317,492359,1
1736,492361,492733,1
1737,492735,492857,1
1738,492859,492902,1
1739,492904,493037,1
1740,493039,493086,1
1741,493088,493130,1
1742,493132,493191,1
1743,493193,493317,1
1744,493319,493757,1
1745,493759,493816,1
1746,493818,494119,1
1747,494121,494354,1
1748,494356,494416,1
1749,494418,494480,1
1750,494482,494511,1
1751,494513,495198,1
1752,495200,495449,1
1753,495451,495473,1
1754,495475,495492,1
1755,495494,495840,1
1756,495842,495901,1
1757,495903,496105,1
1758,496107,496194,1
1759,496196,496306,1
1760,496308,496317,1
1761,496319,496348,1
1762,496350,496420,1
1763,496422,496431,1
1764,496433,496455,1
1765,496457,496488,1
1766,496490,496507,1
1767,496509,496535,1
1768,496537,496619,1
1769,496621,496632,1
1770,496634,496708,1
1771,496710,496888,1
1772,496890,496940,1
1773,496942,497048,1
1774,497050,497104,1
1775,497106,497217,1
1776,497219,497593,1
1777,497595,497622,1
1778,497624,497749,1
1779,497751,497761,1
1780,497763,497814,1
1781,497816,497839,1
1782,497841,497939,1
1783,497941,498030,1
1784,498032,498148,1
1785,498150,498240,1
1786,498242,498332,1
1787,498334,498519,1
1788,498521,498622,1
1789,498624,498645,1
1790,498647,498686,1
1791,498688,498812,1
1792,498814,498870,1
1793,498872,498937,1
1794,498939,499224,1
1795,499226,499506,1
1796,499508,499574,1
1797,499576,499902,1
1798,499904,499963,1
1799,499965,500048,1
1800,500050,500279,1
1801,500281,500314,1
1802,500316,500348,1
1803,500350,500377,1
1804,500379,500640,1
1805,500642,500905,1
1806,500907,501101,1
1807,501103,501195,1
1808,501197,501217,1
1809,501219,501304,1
1810,501306,501625,1
1811,501627,502006,1
1812,502008,502040,1
1813,502042,502169,1
1814,502171,502210,1
1815,502212,502407,1
1816,502409,502720,1
1817,502722,502932,1
1818,502934,503016,1
1819,503018,503067,1
1820,503069,503385,1
1821,503387,503534,1
1822,503536,503786,1
1823,503788,503904,1
1824,503906,504038,1
1825,504040,504352,1
1826,504354,504442,1
1827,504444,504526,1
1828,504528,504768,1
1829,504770,504833,1
1830,504835,504925,1
1831,504929,504935,1
1832,504937,505068,1
1833,505070,505700,1
1834,505702,506146,1
1835,506148,506355,1
1836,506357,506811,1
1837,506813,507166,1
1838,507168,507329,1
1839,507331,507739,1
1840,507741,507968,1
1841,507970,508094,1
1842,508096,508179,1
1843,508181,508320,1
1844,508322,508437,1
1845,508439,508595,1
1846,508597,508685,1
1847,508687,508939,1
1848,508941,509046,1
1849,509048,509177,1
1850,509179,509213,1
1851,509215,509457,1
1852,509459,509554,1
1853,509556,509691,1
1854,509693,509864,1
1855,509866,509913,1
1856,509915,510287,1
1857,510289,510814,1
1858,510816,510989,1
1859,510991,511363,1
1860,511365,511698,1
1861,511700,511956,1
1862,511958,512937,1
1863,512939,513559,1
1864,513561,513787,1
1865,513789,513872,1
1866,513874,513964,1
1867,513966,514313,1
1868,514315,514464,1
1869,514466,514826,1
1870,514828,514890,1
1871,514892,515148,1
1872,515150,515409,1
1873,515411,515494,1
1874,515496,515690,1
1875,515692,515766,1
1876,515768,515907,1
1877,515909,516090,1
1878,516092,516385,1
1879,516387,516582,1
1880,516584,516752,1
1881,516754,516912,1
1882,516914,517004,1
1883,517006,517046,1
1884,517048,517300,1
1885,517302,517454,1
1886,517456,517520,1
1887,517522,517715,1
1888,517717,517910,1
1889,517912,518186,1
1890,518188,518464,1
1891,518466,518670,1
1892,518672,518704,1
1893,518706,518721,1
1894,518723,518767,1
1895,518769,518830,1
1896,518832,518867,1
1897,518869,518936,1
1898,518938,519030,1
1899,519032,519070,1
1900,519072,519195,1
1901,519197,519625,1
1902,519627,519730,1
1903,519732,519825,1
1904,519827,520042,1
1905,520044,520121,1
1906,520123,520225,1
1907,520227,520241,1
1908,520243,520655,1
1909,520657,520809,1
1910,520811,520904,1
1911,520906,521047,1
1912,521051,521058,1
1913,521060,521179,1
1914,521181,521871,1
1915,521873,522346,1
1916,522348,522709,1
1917,522711,522948,1
1918,522950,523244,1
1919,523246,523660,1
1920,523662,523753,1
1921,523755,524103,1
1922,524105,524244,1
1923,524246,524370,1
1924,524372,524584,1
1925,524586,525052,1
1926,525054,525136,1
1927,525138,525846,1
1928,525848,526142,1
1929,526144,526666,1
1930,526668,526885,1
1931,526887,527013,1
1932,527015,527217,1
1933,527219,527532,1
1934,527534,528190,1
1935,528192,528249,1
1936,528251,528360,1
1937,528362,528412,1
1938,528414,529385,1
1939,529387,529555,1
1940,529557,529823,1
1941,529825,529858,1
1942,529860,529927,1
1943,529929,530004,1
1944,530006,530281,1
1945,530283,530387,1
1946,530389,530553,1
1947,530555,531250,1
1948,531252,531606,1
1949,531608,531940,1
1950,531942,532272,1
1951,532274,532709,1
1952,532711,533168,1
1953,533170,534478,1
1954,534480,535659,1
1955,535661,535941,1
1956,535943,536464,1
1957,536466,536522,1
1958,536524,536708,1
1959,536710,537201,1
1960,537203,537385,1
1961,537387,537554,1
1962,537556,537679,1
1963,537681,538542,1
1964,538544,539058,1
1965,539060,539205,1
1966,539207,539264,1
1967,539266,539346,1
1968,539348,539569,1
1969,539571,540486,1
1970,540488,540728,1
1971,540730,540938,1
1972,540940,541395,1
1973,541397,541998,1
1974,542000,543447,1
1975,543449,543685,1
1976,543687,543854,1
1977,543856,544055,1
1978,544057,544143,1
1979,544145,544536,1
1980,544538,544713,1
1981,544715,544854,1
1982,544856,544962,1
1983,544964,545014,1
1984,545016,545243,1
1985,545245,545400,1
1986,545402,545560,1
1987,545562,545651,1
1988,545653,545984,1
1989,545986,546027,1
1990,546029,546088,1
1991,546090,546152,1
1992,546154,546208,1
1993,546210,546426,1
1994,546428,546495,1
1995,546497,546571,1
1996,546573,546692,1
1997,546694,546748,1
1998,546750,546781,1
1999,546783,546875,1
2000,546877,547121,1
2001,547123,547170,1
2002,547172,547209,1
2003,547211,547338,1
2004,547340,547793,1
2005,547795,547906,1
2006,547908,547988,1
2007,547990,548118,1
2008,548120,548141,1
2009,548143,548186,1
2010,548188,548335,1
2011,548337,548552,1
2012,548554,548593,1
2013,548595,548690,1
2014,548692,548850,1
2015,548852,549022,1
2016,549026,549032,1
2017,549034,549117,1
2018,549119,549463,1
2019,549465,549762,1
2020,549764,549974,1
2021,549976,551021,1
2022,551023,551390,1
2023,551392,551969,1
2024,551971,552424,1
2025,552426,552722,1
2026,552724,553793,1
2027,553795,554354,1
2028,554356,555514,1
2029,555516,555860,1
2030,555862,557402,1
2031,557404,557989,1
2032,557991,558232,1
2033,558234,558254,1
2034,558256,558486,1
2035,558488,558894,1
2036,558896,559563,1
2037,559565,559989,1
2038,559991,560064,1
2039,560066,560665,1
2040,560667,561925,1
2041,561927,562354,1
2042,562356,562933,1
2043,562935,563217,1
2044,563219,563786,1
2045,563788,565124,1
2046,565126,565484,1
2047,565486,565643,1
2048,565645,566139,1
2049,566141,566419,1
2050,566421,566764,1
2051,566766,567099,1
2052,567101,567923,1
2053,567925,568207,1
2054,568209,568495,1
2055,568497,569130,1
2056,569132,569193,1
2057,569195,569353,1
2058,569355,569390,1
2059,569392,569543,1
2060,569545,569589,1
2061,569591,569758,1
2062,569760,569883,1
2063,569885,569953,1
2064,569955,570342,1
2065,570344,570355,1
2066,570357,570456,1
2067,570458,570509,1
2068,570511,570568,1
2069,570570,570584,1
2070,570586,570809,1
2071,570811,571007,1
2072,571009,571530,1
2073,571532,571754,1
2074,571756,572309,1
2075,572311,572588,1
2076,572590,573119,1
2077,573121,573382,1
2078,573384,573566,1
2079,573568,573956,1
2080,573958,574411,1
2081,574413,574500,1
2082,574502,574795,1
2083,574797,575786,1
2084,575788,576451,1
2085,576453,576777,1
2086,576779,576984,1
2087,576986,577160,1
2088,577162,577473,1
2089,577475,577671,1
2090,577673,577781,1
2091,577783,577850,1
2092,577852,577910,1
2093,577912,577957,1
2094,577959,578001,1
2095,578003,578072,1
2096,578074,578177,1
2097,578179,578214,1
2098,578216,578252,1
2099,578254,578295,1
2100,578297,578346,1
2101,578348,578380,1
2102,578382,578468,1
2103,578470,578586,1
2104,578588,578653,1
2105,578655,578768,1
2106,578770,579198,1
2107,579200,579564,1
2108,579566,579775,1
2109,579777,580027,1
2110,580029,580146,1
