COREF,start_token,end_token,prop,cat,text,start_byte,end_byte,pdncID
105,6,7,PROP,PER,Sherlock Holmes,36,51,14
105,9,9,PRON,PER,his,57,60,14
105,20,20,PRON,PER,his,108,111,14
105,30,30,PRON,PER,his,164,167,14
105,37,37,PRON,PER,he,197,199,14
105,46,46,PRON,PER,his,246,249,14
105,56,56,PRON,PER,his,288,291,14
105,77,77,PRON,PER,he,415,417,14
105,200,200,PRON,PER,him,1008,1011,14
105,217,217,PRON,PER,His,1093,1096,14
105,221,221,PRON,PER,his,1111,1114,14
105,233,233,PRON,PER,his,1170,1173,14
105,246,246,PRON,PER,him,1251,1254,14
105,276,276,PRON,PER,his,1412,1415,14
105,308,308,PRON,PER,He,1529,1531,14
105,310,310,PRON,PER,his,1539,1542,14
105,321,321,PRON,PER,he,1597,1599,14
105,331,331,PRON,PER,he,1629,1631,14
105,388,388,PRON,PER,He,1844,1846,14
106,400,400,PROP,PER,Watson,1895,1901,21
105,403,403,PRON,PER,he,1904,1906,14
105,407,407,PRON,PER,I,1914,1915,14
105,418,418,PRON,PER,I,1968,1969,14
105,564,564,PRON,PER,he,2654,2656,14
105,572,572,PRON,PER,He,2689,2691,14
105,582,582,PRON,PER,he,2732,2734,14
105,584,584,PRON,PER,his,2739,2742,14
105,591,591,PRON,PER,his,2775,2778,14
105,597,597,PRON,PER,his,2801,2804,14
105,610,610,PRON,PER,My,2858,2860,14
105,614,614,PRON,PER,he,2868,2870,14
105,623,623,PRON,PER,me,2905,2907,14
105,627,627,PRON,PER,me,2923,2925,14
105,631,631,PRON,PER,me,2937,2939,14
105,643,643,PRON,PER,I,3005,3006,14
105,646,646,PRON,PER,my,3013,3015,14
105,651,651,PRON,PER,I,3039,3040,14
105,660,660,PRON,PER,I,3091,3092,14
105,668,668,PRON,PER,I,3130,3131,14
105,677,677,PRON,PER,I,3173,3174,14
105,680,680,PRON,PER,my,3187,3189,14
105,691,691,PRON,PER,I,3243,3244,14
105,723,723,PRON,PER,he,3384,3386,14
105,727,727,PRON,PER,I,3398,3399,14
109,744,745,PROP,PER,Athelney Jones,3482,3496,3
105,766,766,PRON,PER,me,3588,3590,14
105,768,768,PRON,PER,I,3592,3593,14
105,784,784,PRON,PER,I,3664,3665,14
105,792,792,PRON,PER,My,3697,3699,14
105,810,810,PRON,PER,my,3783,3785,14
105,815,815,PRON,PER,my,3806,3808,14
105,827,827,PRON,PER,my,3870,3872,14
105,1163,1163,PRON,PER,My,5438,5440,14
105,1174,1174,PROP,PER,Holmes,5496,5502,14
105,1182,1182,PRON,PER,his,5530,5533,14
105,1190,1190,PRON,PER,I,5556,5557,14
105,1268,1268,PRON,PER,I,5942,5943,14
105,1273,1273,PRON,PER,him,5962,5965,14
105,1299,1299,PRON,PER,him,6074,6077,14
105,1309,1309,PRON,PER,I,6122,6123,14
105,1314,1314,PRON,PER,my,6155,6157,14
105,1318,1318,PRON,PER,He,6171,6173,14
105,1323,1323,PRON,PER,he,6190,6192,14
105,1383,1383,PRON,PER,He,6438,6440,14
105,1389,1389,PRON,PER,his,6462,6465,14
105,1398,1398,PRON,PER,he,6489,6491,14
105,1400,1400,PRON,PER,my,6498,6500,14
105,1407,1408,PROP,PER,Sherlock Holmes,6530,6545,14
105,1413,1413,PRON,PER,He,6557,6559,14
105,1417,1417,PRON,PER,himself,6583,6590,14
105,1419,1419,PRON,PER,He,6592,6594,14
105,1433,1433,PRON,PER,He,6671,6673,14
105,1444,1444,PRON,PER,He,6726,6728,14
105,1458,1458,PRON,PER,He,6786,6788,14
105,1462,1462,PRON,PER,my,6808,6810,14
105,1470,1470,PRON,PER,Your,6839,6843,14
105,1483,1483,PRON,PER,he,6876,6878,14
105,1491,1491,PRON,PER,I,6902,6903,14
105,1526,1526,PRON,PER,I,7081,7082,14
105,1647,1647,PRON,PER,You,7668,7671,14
105,1660,1660,PRON,PER,I,7729,7730,14
105,1667,1667,PRON,PER,my,7768,7770,14
105,1763,1763,PRON,PER,I,8261,8262,14
105,1765,1765,PRON,PER,you,8269,8272,14
105,1767,1767,PRON,PER,my,8278,8280,14
105,1801,1801,PRON,PER,your,8423,8427,14
105,1808,1808,PRON,PER,you,8461,8464,14
105,1864,1864,PRON,PER,you,8721,8724,14
105,1885,1885,PRON,PER,you,8826,8829,14
105,1912,1912,PRON,PER,you,8930,8933,14
105,1980,1980,PRON,PER,you,9247,9250,14
105,1988,1988,PRON,PER,your,9291,9295,14
105,2081,2081,PRON,PER,you,9716,9719,14
105,2093,2093,PRON,PER,you,9770,9773,14
105,2101,2101,PRON,PER,your,9801,9805,14
105,2106,2106,PRON,PER,you,9827,9830,14
105,2123,2123,PRON,PER,you,9899,9902,14
105,2200,2200,PRON,PER,your,10206,10210,14
105,2772,2772,PROP,PER,Holmes,12808,12814,14
113,3590,3591,PROP,PER,Mrs. Hudson,16489,16500,17
105,3787,3788,PROP,PER,Sherlock Holmes,17480,17495,14
105,3816,3816,PRON,PER,you,17621,17624,14
105,3818,3819,PROP,PER,Mr. Holmes,17626,17636,14
105,3827,3827,PRON,PER,you,17658,17661,14
105,3849,3849,PRON,PER,your,17779,17783,14
105,3861,3861,PRON,PER,he,17830,17832,14
105,3866,3866,PRON,PER,I,17857,17858,14
105,3869,3869,PRON,PER,I,17872,17873,14
105,3884,3884,PRON,PER,I,17931,17932,14
105,3905,3905,PRON,PER,you,18007,18010,14
105,3912,3912,PRON,PER,mine,18034,18038,14
105,3914,3914,PRON,PER,I,18040,18041,14
105,3931,3931,PRON,PER,I,18139,18140,14
105,3933,3933,PRON,PER,myself,18146,18152,14
105,3936,3936,PROP,PER,Holmes,18156,18162,14
105,3938,3938,PRON,PER,his,18170,18173,14
105,3942,3942,PRON,PER,his,18185,18188,14
105,3946,3946,PRON,PER,He,18205,18207,14
105,3950,3950,PRON,PER,his,18226,18229,14
105,3959,3959,PRON,PER,his,18291,18294,14
105,3974,3974,PRON,PER,he,18349,18351,14
115,4213,4214,PROP,PER,Captain Morstan,19398,19413,5
115,4221,4221,PRON,PER,he,19442,19444,5
115,4241,4241,PRON,PER,him,19534,19537,5
115,4296,4296,PRON,PER,He,19788,19790,5
115,4300,4300,PRON,PER,his,19806,19809,5
105,4340,4340,PROP,PER,Holmes,19971,19977,14
105,4343,4343,PRON,PER,his,19987,19990,14
115,4349,4349,PRON,PER,He,20004,20006,5
115,4366,4366,PRON,PER,His,20076,20079,5
115,4403,4403,PRON,PER,He,20251,20253,5
115,4422,4422,PRON,PER,he,20328,20330,5
105,4495,4495,PROP,PER,Holmes,20650,20656,14
105,4721,4722,PROP,PER,Sherlock Holmes,21733,21748,14
105,4771,4771,PRON,PER,you,21940,21943,14
105,4775,4775,PROP,PER,Holmes,21951,21957,14
105,4930,4930,PRON,PER,I,22610,22611,14
106,4936,4937,PROP,PER,Dr. Watson,22626,22636,21
106,4949,4949,PRON,PER,He,22691,22693,21
105,4951,4951,PRON,PER,I,22698,22699,14
106,4961,4961,PRON,PER,he,22742,22744,21
105,5053,5053,PROP,PER,Holmes,23086,23092,14
105,5118,5118,PRON,PER,He,23359,23361,14
105,5149,5149,PRON,PER,he,23502,23504,14
105,5197,5197,PRON,PER,I,23703,23704,14
105,5233,5233,PRON,PER,I,23867,23868,14
105,5255,5255,PRON,PER,me,23950,23952,14
105,5261,5261,PRON,PER,I,23973,23974,14
105,5555,5555,PRON,PER,you,25271,25274,14
105,5567,5567,PRON,PER,you,25336,25339,14
105,5600,5600,PROP,PER,Holmes,25472,25478,14
105,5602,5602,PRON,PER,his,25485,25488,14
105,5613,5613,PRON,PER,he,25523,25525,14
105,5678,5678,PRON,PER,I,25779,25780,14
105,5684,5684,PRON,PER,I,25799,25800,14
105,5693,5693,PRON,PER,me,25839,25841,14
105,5715,5715,PRON,PER,I,25945,25946,14
105,5936,5936,PROP,PER,Holmes,26948,26954,14
105,5939,5939,PRON,PER,He,26965,26967,14
105,5954,5954,PRON,PER,his,27029,27032,14
105,5975,5975,PRON,PER,he,27132,27134,14
105,5989,5989,PRON,PER,him,27190,27193,14
105,6006,6006,PRON,PER,you,27256,27259,14
105,6024,6024,PRON,PER,I,27324,27325,14
105,6053,6053,PRON,PER,I,27444,27445,14
105,6095,6095,PRON,PER,I,27617,27618,14
105,6101,6101,PROP,PER,Holmes,27639,27645,14
105,6104,6104,PRON,PER,I,27651,27652,14
105,6116,6116,PRON,PER,You,27692,27695,14
105,6118,6118,PRON,PER,me,27705,27707,14
115,6129,6130,PROP,PER,Captain Morstan,27739,27754,5
115,6139,6139,PRON,PER,he,27798,27800,5
115,6172,6173,PROP,PER,Captain Morstan,27952,27967,5
105,6247,6247,PRON,PER,you,28352,28355,14
105,6325,6325,PRON,PER,you,28711,28714,14
105,6342,6343,PROP,PER,Sherlock Holmes,28791,28806,14
105,6376,6376,PRON,PER,you,28932,28935,14
105,6411,6411,PROP,PER,Holmes,29073,29079,14
105,6413,6413,PRON,PER,his,29085,29088,14
105,6416,6416,PRON,PER,his,29103,29106,14
105,6422,6422,PRON,PER,his,29134,29137,14
105,6429,6429,PRON,PER,he,29164,29166,14
105,6502,6503,PROP,PER,Sherlock Holmes,29532,29547,14
105,6611,6611,PROP,PER,Holmes,30004,30010,14
105,6621,6621,PRON,PER,his,30065,30068,14
105,6624,6624,PRON,PER,He,30075,30077,14
105,6633,6633,PRON,PER,his,30127,30130,14
105,6647,6647,PRON,PER,he,30189,30191,14
119,6754,6755,PROP,PER,Mahomet Singh,30670,30683,10
120,6757,6758,PROP,PER,Abdullah Khan,30685,30698,1
121,6760,6761,PROP,PER,Dost Akbar,30700,30710,6
105,6765,6765,PRON,PER,I,30717,30718,14
105,6768,6768,PRON,PER,I,30732,30733,14
105,6815,6815,PRON,PER,his,30924,30927,14
105,6846,6846,PRON,PER,I,31041,31042,14
105,6864,6864,PRON,PER,I,31129,31130,14
105,6869,6869,PRON,PER,I,31150,31151,14
105,6872,6872,PRON,PER,my,31168,31170,14
105,6876,6876,PRON,PER,He,31179,31181,14
105,6888,6888,PRON,PER,his,31225,31228,14
105,6892,6892,PRON,PER,his,31244,31247,14
105,6896,6896,PRON,PER,he,31264,31266,14
105,6922,6922,PRON,PER,his,31417,31420,14
105,7138,7138,PROP,PER,Holmes,32483,32489,14
105,7622,7623,PROP,PER,Sherlock Holmes,34733,34748,14
105,7632,7632,PRON,PER,he,34782,34784,14
105,7658,7658,PRON,PER,he,34901,34903,14
105,7687,7687,PRON,PER,I,35023,35024,14
122,7972,7973,PROP,PER,The Sahib,36420,36429,34
872,8004,8004,PROP,PER,khitmutgar,36547,36557,8
124,8443,8445,PROP,PER,Mr. Thaddeus Sholto,38549,38568,19
105,8479,8481,PROP,PER,Mr. Sherlock Holmes,38702,38721,14
106,8486,8487,PROP,PER,Dr. Watson,38735,38745,21
125,8768,8769,PROP,PER,Brother Bartholomew,39891,39910,4
125,8815,8816,PROP,PER,Brother Bartholomew,40087,40106,4
125,8845,8846,PROP,PER,Brother Bartholomew,40265,40284,4
105,8875,8875,PRON,PER,my,40410,40412,14
105,8880,8880,PROP,PER,Holmes,40425,40431,14
128,9110,9110,PROP,PER,Williams,41414,41422,28
128,9124,9124,PRON,PER,his,41485,41488,28
128,9128,9128,PRON,PER,he,41505,41507,28
128,9133,9133,PRON,PER,he,41523,41525,28
124,9282,9283,PROP,PER,Mr. Sholto,42223,42233,19
125,9353,9354,PROP,PER,Brother Bartholomew,42520,42539,4
125,9369,9370,PROP,PER,Brother Bartholomew,42593,42612,4
125,9372,9372,PRON,PER,He,42614,42616,4
125,9395,9395,PRON,PER,him,42719,42722,4
125,9407,9407,PRON,PER,he,42777,42779,4
125,9410,9410,PRON,PER,he,42788,42790,4
125,9465,9465,PRON,PER,he,42996,42998,4
125,9623,9623,PROP,PER,Bartholomew,43718,43729,4
115,9645,9646,PROP,PER,Captain Morstan,43838,43853,5
131,9722,9723,PROP,PER,Arthur Morstan,44193,44207,5
128,9767,9767,PROP,PER,Williams,44415,44423,28
128,9781,9781,PRON,PER,He,44466,44468,28
131,10099,10099,PROP,PER,Morstan,45901,45908,5
131,10259,10259,PROP,PER,Morstan,46620,46627,5
131,10262,10262,PRON,PER,he,46635,46637,5
131,10265,10265,PRON,PER,He,46650,46652,5
131,10276,10276,PRON,PER,he,46699,46701,5
131,10292,10292,PRON,PER,he,46763,46765,5
131,10323,10323,PROP,PER,Morstan,46917,46924,5
131,10326,10326,PRON,PER,he,46935,46937,5
131,10333,10333,PRON,PER,his,46971,46974,5
131,10336,10336,PRON,PER,He,46982,46984,5
933,10358,10358,PROP,PER,Morstan,47081,47088,5
131,10381,10381,PROP,PER,Morstan,47188,47195,5
131,10386,10386,PRON,PER,his,47214,47217,5
131,10395,10395,PRON,PER,he,47253,47255,5
131,10398,10398,PRON,PER,his,47273,47276,5
131,10401,10401,PRON,PER,his,47285,47288,5
131,10404,10404,PRON,PER,his,47295,47298,5
131,10412,10412,PRON,PER,he,47328,47330,5
131,10417,10417,PRON,PER,his,47355,47358,5
131,10432,10432,PRON,PER,him,47426,47429,5
131,10441,10441,PRON,PER,he,47458,47460,5
131,10491,10491,PRON,PER,his,47683,47686,5
131,10494,10494,PRON,PER,His,47695,47698,5
131,10507,10507,PRON,PER,his,47749,47752,5
131,10543,10543,PRON,PER,He,47932,47934,5
131,10554,10554,PRON,PER,he,47982,47984,5
122,10612,10612,PROP,PER,Sahib,48223,48228,34
122,10624,10624,PRON,PER,you,48263,48266,34
122,10666,10666,PROP,PER,Sahib,48415,48420,34
122,10675,10675,PRON,PER,you,48441,48444,34
115,10766,10767,PROP,PER,Captain Morstan,48856,48871,5
122,10769,10769,PRON,PER,You,48873,48876,34
115,10811,10811,PROP,PER,Morstan,49056,49063,5
122,10823,10823,PRON,PER,you,49101,49104,34
122,10832,10832,PRON,PER,your,49142,49146,34
105,11269,11270,PROP,PER,Sherlock Holmes,51216,51231,14
105,11274,11274,PRON,PER,his,51247,51250,14
105,11286,11286,PRON,PER,his,51315,51318,14
105,11294,11294,PRON,PER,him,51352,51355,14
105,11305,11305,PRON,PER,he,51399,51401,14
105,11324,11324,PRON,PER,his,51502,51505,14
124,11330,11332,PROP,PER,Mr. Thaddeus Sholto,51530,51549,19
105,11349,11349,PRON,PER,his,51627,51630,14
105,11361,11361,PRON,PER,his,51691,51694,14
105,11366,11366,PRON,PER,My,51713,51715,14
105,11369,11369,PRON,PER,I,51728,51729,14
105,11373,11373,PRON,PER,he,51737,51739,14
105,11390,11390,PRON,PER,my,51806,51808,14
105,11429,11429,PRON,PER,his,51995,51998,14
105,11436,11436,PRON,PER,he,52028,52030,14
105,11452,11452,PRON,PER,he,52109,52111,14
105,11460,11460,PRON,PER,my,52145,52147,14
125,11462,11462,PROP,PER,Bartholomew,52156,52167,4
105,11464,11464,PRON,PER,I,52172,52173,14
105,11479,11479,PRON,PER,he,52248,52250,14
105,11492,11492,PRON,PER,my,52303,52305,14
105,11495,11495,PRON,PER,himself,52318,52325,14
105,11500,11500,PRON,PER,my,52347,52349,14
105,11505,11505,PRON,PER,He,52366,52368,14
105,11534,11534,PRON,PER,I,52498,52499,14
105,11539,11539,PRON,PER,him,52521,52524,14
105,11542,11542,PRON,PER,me,52532,52534,14
125,11623,11624,PROP,PER,Brother Bartholomew,52884,52903,4
128,11721,11721,PROP,PER,Williams,53350,53358,28
125,11776,11777,PROP,PER,Brother Bartholomew,53632,53651,4
124,11792,11794,PROP,PER,Mr. Thaddeus Sholto,53706,53725,19
124,11801,11801,PRON,PER,his,53755,53758,19
105,11824,11824,PROP,PER,Holmes,53885,53891,14
105,11831,11831,PRON,PER,his,53919,53922,14
105,11849,11849,PRON,PER,he,53982,53984,14
124,12041,12042,PROP,PER,Thaddeus Sholto,54891,54906,19
125,12060,12060,PROP,PER,Bartholomew,54988,54999,4
124,12068,12068,PRON,PER,he,55026,55028,19
125,12075,12075,PRON,PER,he,55048,55050,4
125,12083,12083,PRON,PER,He,55085,55087,4
125,12096,12096,PRON,PER,he,55149,55151,4
125,12126,12126,PRON,PER,he,55299,55301,4
125,12162,12162,PRON,PER,he,55481,55483,4
125,12167,12167,PRON,PER,he,55508,55510,4
125,12197,12197,PRON,PER,He,55650,55652,4
125,12223,12223,PRON,PER,he,55757,55759,4
125,12258,12258,PRON,PER,He,55918,55920,4
125,12270,12270,PRON,PER,He,55969,55971,4
105,12464,12464,PROP,PER,Holmes,56929,56935,14
124,12536,12538,PROP,PER,Mr. Thaddeus Sholto,57287,57306,19
124,12541,12541,PRON,PER,he,57311,57313,19
124,12629,12630,PROP,PER,Thaddeus Sholto,57740,57755,19
124,12787,12788,PROP,PER,Mr. Thaddeus,58466,58478,19
124,12843,12844,PROP,PER,Mr. Thaddeus,58685,58697,19
124,12852,12852,PRON,PER,You,58721,58724,19
124,12866,12866,PRON,PER,you,58784,58787,19
124,12870,12870,PRON,PER,your,58796,58800,19
124,12886,12887,PROP,PER,Thaddeus Sholto,58875,58890,19
124,12890,12890,PRON,PER,him,58904,58907,19
124,12904,12904,PRON,PER,you,58964,58967,19
124,12909,12909,PRON,PER,he,58979,58981,19
124,12914,12914,PRON,PER,I,58992,58993,19
124,12922,12922,PRON,PER,you,59029,59032,19
124,12949,12950,PROP,PER,Mr. Thaddeus,59128,59140,19
325,12954,12955,NOM,PER,the porter,59148,59158,30
124,12965,12965,PRON,PER,yours,59196,59201,19
325,12977,12977,PRON,PER,me,59247,59249,30
325,12981,12981,PRON,PER,my,59261,59263,30
325,12985,12985,PRON,PER,my,59274,59276,30
325,12987,12987,PRON,PER,I,59282,59283,30
325,12991,12991,PRON,PER,I,59291,59292,30
124,12997,12997,PRON,PER,your,59312,59316,19
124,13005,13005,PRON,PER,you,59337,59340,19
105,13012,13013,PROP,PER,Sherlock Holmes,59361,59376,14
105,13018,13018,PRON,PER,I,59389,59390,14
124,13022,13022,PRON,PER,you,59403,59406,19
105,13026,13026,PRON,PER,me,59426,59428,14
124,13030,13030,PRON,PER,you,59436,59439,19
124,13039,13039,PRON,PER,you,59490,59493,19
124,13048,13048,PRON,PER,your,59528,59532,19
105,13057,13059,PROP,PER,Mr. Sherlock Holmes,59565,59584,14
124,13078,13078,PRON,PER,you,59652,59655,19
124,13087,13087,PRON,PER,you,59695,59698,19
124,13100,13100,PRON,PER,yours,59750,59755,19
124,13109,13109,PRON,PER,you,59785,59788,19
124,13116,13116,PRON,PER,you,59813,59816,19
124,13122,13122,PRON,PER,your,59840,59844,19
124,13125,13125,PRON,PER,you,59852,59855,19
124,13128,13128,PRON,PER,You,59862,59865,19
124,13135,13135,PRON,PER,you,59892,59895,19
124,13143,13143,PRON,PER,You,59921,59924,19
106,13146,13146,PROP,PER,Watson,59930,59936,21
105,13152,13152,PRON,PER,me,59956,59958,14
105,13153,13153,PRON,PER,I,59959,59960,14
105,13163,13163,PRON,PER,me,60014,60016,14
105,13167,13167,PROP,PER,Holmes,60024,60030,14
105,13184,13184,PRON,PER,I,60089,60090,14
124,13191,13191,PRON,PER,you,60106,60109,19
124,13197,13197,PRON,PER,you,60124,60127,19
124,13200,13200,PRON,PER,you,60134,60137,19
124,13202,13202,PRON,PER,your,60142,60146,19
105,13206,13206,PRON,PER,he,60157,60159,14
124,13213,13214,PROP,PER,Mr. Thaddeus,60183,60195,19
124,13227,13227,PRON,PER,your,60246,60250,19
105,13230,13230,PRON,PER,I,60266,60267,14
124,13298,13299,PROP,PER,Thaddeus Sholto,60585,60600,19
124,13312,13312,PRON,PER,his,60661,60664,19
124,13316,13316,PRON,PER,I,60673,60674,19
124,13323,13323,PRON,PER,he,60698,60700,19
124,13333,13333,PRON,PER,I,60736,60737,19
125,13336,13336,PROP,PER,Bartholomew,60754,60765,4
125,13350,13350,PRON,PER,his,60819,60822,4
124,13353,13353,PRON,PER,I,60831,60832,19
125,13366,13366,PRON,PER,he,60873,60875,4
105,13377,13377,PROP,PER,Holmes,60922,60928,14
125,13382,13382,PRON,PER,he,60937,60939,4
124,13385,13385,PRON,PER,my,60953,60955,19
125,13390,13390,PRON,PER,He,60973,60975,4
105,13396,13396,PRON,PER,you,60999,61002,14
124,13400,13400,PRON,PER,I,61013,61014,19
124,13404,13404,PRON,PER,my,61036,61038,19
125,13409,13409,PRON,PER,him,61060,61063,4
124,13415,13415,PRON,PER,me,61087,61089,19
125,13419,13419,PROP,PER,Bartholomew,61099,61110,4
124,13442,13442,PRON,PER,I,61213,61214,19
105,13451,13451,PROP,PER,Holmes,61237,61243,14
105,13455,13455,PRON,PER,I,61250,61251,14
137,13484,13486,PROP,PER,old Mrs. Bernstone,61369,61387,15
137,13489,13489,PRON,PER,She,61394,61397,15
137,13519,13519,PRON,PER,she,61522,61525,15
137,13526,13526,PRON,PER,she,61552,61555,15
105,13539,13539,PRON,PER,He,61598,61600,14
105,13546,13546,PRON,PER,his,61626,61629,14
137,13611,13612,PROP,PER,Mrs. Bernstone,61960,61974,15
124,13616,13616,PROP,PER,Sholto,61982,61988,19
137,13619,13619,PRON,PER,She,61991,61994,15
124,13631,13631,PRON,PER,I,62038,62039,19
105,13640,13640,PRON,PER,He,62068,62070,14
105,13649,13649,PRON,PER,his,62108,62111,14
105,13661,13661,PRON,PER,him,62162,62165,14
105,13672,13672,PRON,PER,him,62211,62214,14
124,13677,13678,PROP,PER,Mr. Thaddeus,62222,62234,19
124,13698,13699,PROP,PER,Mr. Thaddeus,62297,62309,19
105,13732,13732,PROP,PER,Holmes,62463,62469,14
105,13964,13964,PROP,PER,Holmes,63500,63506,14
124,14014,14015,PROP,PER,Thaddeus Sholto,63720,63735,19
124,14021,14021,PRON,PER,his,63759,63762,19
124,14028,14028,PRON,PER,his,63798,63801,19
125,14037,14037,PROP,PER,Bartholomew,63840,63851,4
124,14040,14040,PRON,PER,he,63854,63856,19
124,14044,14044,PRON,PER,I,63865,63866,19
124,14048,14048,PRON,PER,My,63882,63884,19
124,14056,14056,PRON,PER,He,63910,63912,19
124,14067,14067,PRON,PER,his,63957,63960,19
105,14096,14096,PROP,PER,Holmes,64116,64122,14
105,14099,14099,PRON,PER,his,64127,64130,14
124,14112,14113,PROP,PER,Thaddeus Sholto,64168,64183,19
124,14116,14116,PRON,PER,I,64186,64187,19
124,14130,14130,PRON,PER,him,64253,64256,19
124,14184,14184,PRON,PER,your,64511,64515,19
124,14205,14205,PRON,PER,you,64593,64596,19
124,14309,14309,PRON,PER,You,65050,65053,19
124,14314,14315,PROP,PER,Mr. Thaddeus,65066,65078,19
124,14317,14317,PRON,PER,you,65080,65083,19
124,14324,14324,PRON,PER,yourself,65108,65116,19
124,14346,14346,PRON,PER,him,65210,65213,19
124,14352,14352,PRON,PER,him,65234,65237,19
105,14357,14358,PROP,PER,Sherlock Holmes,65249,65264,14
124,14368,14369,PROP,PER,Thaddeus Sholto,65300,65315,19
124,14375,14375,PRON,PER,his,65343,65346,19
124,14381,14381,PRON,PER,he,65367,65369,19
124,14390,14390,PRON,PER,his,65403,65406,19
124,14400,14400,PRON,PER,his,65441,65444,19
124,14405,14405,PRON,PER,him,65472,65475,19
105,14411,14411,PROP,PER,Holmes,65498,65504,14
105,14413,14413,PRON,PER,his,65513,65516,14
105,14417,14417,PRON,PER,his,65529,65532,14
105,14448,14448,PRON,PER,He,65686,65688,14
105,14512,14512,PROP,PER,Holmes,66015,66021,14
105,14529,14529,PRON,PER,his,66100,66103,14
105,14553,14553,PROP,PER,Holmes,66225,66231,14
105,14616,14617,PROP,PER,Sherlock Holmes,66512,66527,14
106,14643,14643,PROP,PER,Watson,66646,66652,21
105,14647,14647,PRON,PER,he,66660,66662,14
105,14657,14657,PRON,PER,him,66703,66706,14
106,14662,14662,PRON,PER,you,66717,66720,21
124,14731,14731,PROP,PER,Thaddeus,67017,67025,19
105,14808,14808,PRON,PER,him,67389,67392,14
105,14813,14813,PRON,PER,he,67411,67413,14
105,14825,14825,PRON,PER,he,67463,67465,14
105,14831,14831,PRON,PER,his,67491,67494,14
105,14834,14834,PRON,PER,he,67507,67509,14
105,14847,14847,PROP,PER,Holmes,67553,67559,14
105,14865,14865,PRON,PER,he,67611,67613,14
105,14874,14874,PRON,PER,he,67651,67653,14
105,14877,14877,PRON,PER,his,67662,67665,14
105,15211,15211,PROP,PER,Holmes,69202,69208,14
105,15228,15228,PRON,PER,he,69262,69264,14
105,15285,15285,PRON,PER,he,69476,69478,14
105,15296,15296,PRON,PER,I,69513,69514,14
105,15304,15304,PRON,PER,He,69540,69542,14
105,15422,15422,PRON,PER,he,70025,70027,14
105,15431,15431,PRON,PER,I,70064,70065,14
105,15460,15460,PRON,PER,He,70216,70218,14
105,15475,15475,PRON,PER,his,70291,70294,14
105,15480,15480,PRON,PER,himself,70316,70323,14
105,15486,15486,PRON,PER,he,70344,70346,14
105,15503,15503,PRON,PER,he,70411,70413,14
105,15510,15510,PRON,PER,him,70438,70441,14
105,15525,15525,PRON,PER,I,70506,70507,14
105,15527,15527,PRON,PER,him,70515,70518,14
105,15532,15532,PRON,PER,I,70529,70530,14
105,15539,15539,PRON,PER,him,70559,70562,14
105,15541,15541,PRON,PER,I,70564,70565,14
105,15543,15543,PRON,PER,him,70571,70574,14
105,15549,15549,PRON,PER,I,70596,70597,14
105,15551,15551,PRON,PER,him,70604,70607,14
105,15556,15556,PRON,PER,I,70625,70626,14
105,15577,15577,PRON,PER,he,70698,70700,14
105,15590,15590,PRON,PER,I,70748,70749,14
105,15606,15606,PRON,PER,I,70806,70807,14
105,15609,15609,PRON,PER,I,70816,70817,14
105,15629,15629,PRON,PER,I,70895,70896,14
105,15635,15635,PRON,PER,I,70916,70917,14
105,15644,15644,PRON,PER,I,70957,70958,14
105,15654,15654,PRON,PER,I,70980,70981,14
105,15657,15657,PRON,PER,I,70992,70993,14
105,15691,15691,PROP,PER,Holmes,71130,71136,14
105,15696,15696,PRON,PER,his,71154,71157,14
105,15704,15704,PRON,PER,my,71188,71190,14
105,15763,15764,PROP,PER,Sherlock Holmes,71462,71477,14
106,15771,15771,PROP,PER,Watson,71507,71513,21
105,15775,15775,PROP,PER,Holmes,71521,71527,14
105,15778,15778,PRON,PER,his,71537,71540,14
105,15798,15798,PRON,PER,My,71612,71614,14
105,15803,15803,PRON,PER,I,71627,71628,14
106,15806,15806,PRON,PER,you,71639,71642,21
105,15852,15852,PRON,PER,he,71830,71832,14
105,15865,15865,PRON,PER,his,71898,71901,14
106,15877,15877,PRON,PER,your,71945,71949,21
105,15921,15921,PRON,PER,He,72135,72137,14
105,15930,15930,PRON,PER,his,72179,72182,14
105,15940,15940,PRON,PER,himself,72236,72243,14
106,16036,16036,PROP,PER,Watson,72630,72636,21
106,16088,16088,PRON,PER,You,72851,72854,21
106,16152,16152,PRON,PER,you,73096,73099,21
106,16234,16234,PRON,PER,you,73435,73438,21
106,16242,16242,PRON,PER,you,73472,73475,21
106,16273,16273,PRON,PER,you,73597,73600,21
106,16279,16279,PRON,PER,You,73621,73624,21
106,16289,16289,PRON,PER,You,73661,73664,21
106,16302,16302,PRON,PER,your,73715,73719,21
105,16462,16462,PROP,PER,Holmes,74404,74410,14
105,16487,16487,PRON,PER,I,74527,74528,14
105,16515,16515,PRON,PER,my,74671,74673,14
105,16518,16518,PRON,PER,me,74688,74690,14
105,16562,16562,PRON,PER,he,74856,74858,14
105,16566,16566,PRON,PER,I,74870,74871,14
105,16587,16587,PRON,PER,my,74961,74963,14
105,16591,16591,PRON,PER,he,74974,74976,14
105,16595,16595,PRON,PER,his,74991,74994,14
105,16602,16602,PRON,PER,I,75017,75018,14
105,16711,16711,PRON,PER,me,75482,75484,14
105,16735,16735,PRON,PER,He,75591,75593,14
105,16749,16749,PRON,PER,he,75653,75655,14
105,16751,16751,PRON,PER,himself,75662,75669,14
105,16761,16761,PRON,PER,his,75705,75708,14
105,16764,16764,PRON,PER,he,75715,75717,14
105,16776,16776,PRON,PER,him,75773,75776,14
105,16878,16879,PROP,PER,Sherlock Holmes,76212,76227,14
105,16882,16882,PRON,PER,his,76237,76240,14
105,16904,16904,PRON,PER,I,76325,76326,14
105,16951,16951,PRON,PER,He,76521,76523,14
105,16962,16962,PRON,PER,he,76564,76566,14
105,16980,16980,PRON,PER,his,76648,76651,14
105,16989,16989,PRON,PER,his,76684,76687,14
105,17033,17033,PROP,PER,Holmes,76886,76892,14
105,17053,17053,PRON,PER,He,76955,76957,14
105,17056,17056,PRON,PER,his,76972,76975,14
105,17065,17065,PRON,PER,I,77008,77009,14
105,17073,17073,PRON,PER,he,77041,77043,14
105,17084,17084,PRON,PER,My,77083,77085,14
105,17087,17087,PRON,PER,me,77100,77102,14
105,17090,17090,PRON,PER,I,77107,77108,14
105,17117,17117,PRON,PER,your,77216,77220,14
105,17144,17144,PRON,PER,My,77326,77328,14
106,17146,17146,PROP,PER,Watson,77334,77340,21
106,17152,17152,PRON,PER,yourself,77364,77372,21
105,17156,17156,PRON,PER,he,77380,77382,14
106,17165,17165,PRON,PER,You,77413,77416,21
105,17167,17167,PRON,PER,my,77422,77424,14
106,17206,17206,PRON,PER,you,77593,77596,21
105,17210,17210,PRON,PER,he,77604,77606,14
105,17221,17221,PRON,PER,I,77634,77635,14
105,17233,17233,PRON,PER,I,77693,77694,14
105,17238,17238,PRON,PER,He,77707,77709,14
105,17241,17241,PRON,PER,his,77722,77725,14
105,17254,17254,PRON,PER,his,77781,77784,14
105,17264,17264,PRON,PER,his,77830,77833,14
105,17277,17277,PRON,PER,his,77888,77891,14
105,17299,17299,PRON,PER,his,77982,77985,14
105,17325,17325,PRON,PER,he,78106,78108,14
105,17330,17330,PRON,PER,he,78129,78131,14
105,17332,17332,PRON,PER,his,78139,78142,14
105,17349,17349,PRON,PER,he,78224,78226,14
105,17353,17353,PRON,PER,he,78241,78243,14
105,17357,17357,PRON,PER,himself,78262,78269,14
105,17361,17361,PRON,PER,he,78283,78285,14
105,17380,17380,PRON,PER,he,78359,78361,14
105,17466,17466,PRON,PER,he,78699,78701,14
105,17469,17469,PRON,PER,I,78704,78705,14
105,17572,17572,PROP,PER,Holmes,79168,79174,14
105,17702,17702,PRON,PER,me,79744,79746,14
105,17705,17705,PRON,PER,I,79759,79760,14
105,17719,17719,PRON,PER,I,79821,79822,14
105,17739,17739,PRON,PER,I,79908,79909,14
105,17852,17852,PRON,PER,he,80420,80422,14
105,17896,17896,PRON,PER,he,80604,80606,14
124,17973,17974,PROP,PER,Thaddeus Sholto,80983,80998,19
105,18023,18023,PRON,PER,I,81167,81168,14
105,18025,18025,PRON,PER,you,81175,81178,14
105,18028,18028,PRON,PER,me,81194,81196,14
109,18030,18032,PROP,PER,Mr. Athelney Jones,81198,81216,3
105,18036,18036,PROP,PER,Holmes,81224,81230,14
105,18055,18057,PROP,PER,Mr. Sherlock Holmes,81283,81302,14
105,18063,18063,PRON,PER,you,81327,81330,14
105,18070,18070,PRON,PER,you,81354,81357,14
105,18089,18089,PRON,PER,you,81451,81454,14
105,18098,18098,PRON,PER,you,81486,81489,14
105,18188,18188,PRON,PER,you,81857,81860,14
105,18205,18205,PRON,PER,me,81917,81919,14
105,18212,18212,PROP,PER,Holmes,81944,81950,14
105,18228,18228,PRON,PER,you,81995,81998,14
124,18335,18336,PROP,PER,Mr. Sholto,82440,82450,19
105,18350,18350,PROP,PER,Holmes,82503,82509,14
124,18352,18352,PROP,PER,Sholto,82511,82517,19
124,18356,18356,PRON,PER,his,82526,82529,19
124,18361,18361,PRON,PER,his,82551,82554,19
124,18375,18375,PROP,PER,Sholto,82611,82617,19
124,18425,18426,PROP,PER,Thaddeus Sholto,82822,82837,19
124,18431,18431,PRON,PER,his,82849,82852,19
124,18470,18470,PROP,PER,Thaddeus,83006,83014,19
124,18482,18482,PROP,PER,Thaddeus,83056,83064,19
124,18493,18493,PRON,PER,His,83113,83116,19
124,18510,18510,PROP,PER,Thaddeus,83192,83200,19
124,18518,18518,PRON,PER,him,83231,83234,19
105,18535,18535,PROP,PER,Holmes,83295,83301,14
105,18544,18544,PRON,PER,I,83333,83334,14
124,18626,18626,PROP,PER,Thaddeus,83697,83705,19
124,18637,18637,PROP,PER,Thaddeus,83757,83765,19
105,18738,18738,PROP,PER,Holmes,84205,84211,14
105,18741,18741,PRON,PER,his,84223,84226,14
109,18778,18779,PROP,PER,Athelney Jones,84366,84380,3
109,18798,18798,PRON,PER,My,84465,84467,3
105,18827,18827,PRON,PER,I,84582,84583,14
105,18838,18838,PRON,PER,You,84614,84617,14
124,18885,18886,PROP,PER,Mr. Sholto,84802,84812,19
124,18892,18893,PROP,PER,Mr. Sholto,84831,84841,19
124,18901,18901,PRON,PER,you,84867,84870,19
124,18905,18905,PRON,PER,you,84891,84894,19
124,18912,18912,PRON,PER,you,84924,84927,19
124,18916,18916,PRON,PER,you,84938,84941,19
124,18929,18929,PRON,PER,your,84997,85001,19
105,18942,18942,PRON,PER,you,85040,85043,14
124,18970,18970,PRON,PER,yourself,85154,85162,19
124,18974,18975,PROP,PER,Mr. Sholto,85173,85183,19
105,18979,18979,PROP,PER,Holmes,85191,85197,14
105,18982,18982,PRON,PER,I,85200,85201,14
105,18985,18985,PRON,PER,I,85213,85214,14
124,18990,18990,PRON,PER,you,85235,85238,19
105,19034,19034,PRON,PER,I,85409,85410,14
109,19038,19039,PROP,PER,Mr. Jones,85422,85431,3
105,19042,19042,PRON,PER,I,85437,85438,14
124,19045,19045,PRON,PER,you,85449,85452,19
105,19071,19071,PRON,PER,I,85565,85566,14
124,19160,19160,PRON,PER,you,85947,85950,19
109,19195,19196,PROP,PER,Athelney Jones,86088,86102,3
105,19233,19234,PROP,PER,Sherlock Holmes,86253,86268,14
105,19238,19238,PRON,PER,his,86283,86286,14
105,19242,19242,PRON,PER,I,86294,86295,14
106,19264,19264,PROP,PER,Watson,86384,86390,21
105,19267,19267,PRON,PER,He,86394,86396,14
105,19284,19284,PRON,PER,he,86464,86466,14
105,19359,19359,PRON,PER,I,86782,86783,14
142,19546,19546,PROP,PER,Sherman,87580,87587,31
142,19566,19566,PROP,PER,Sherman,87671,87678,31
142,19571,19571,PRON,PER,him,87692,87695,31
143,19580,19580,PROP,PER,Toby,87730,87734,27
143,19587,19587,PROP,PER,Toby,87759,87763,27
143,19623,19623,PROP,PER,Toby,87892,87896,27
143,19641,19641,PRON,PER,him,87971,87974,27
105,19673,19673,PRON,PER,I,88075,88076,14
105,19677,19677,PROP,PER,Holmes,88084,88090,14
105,19683,19683,PRON,PER,I,88108,88109,14
137,19687,19688,PROP,PER,Mrs. Bernstone,88125,88139,15
124,19698,19699,PROP,PER,Mr. Thaddeus,88175,88187,19
105,19701,19701,PRON,PER,me,88193,88195,14
105,19710,19710,PRON,PER,I,88229,88230,14
109,19713,19715,PROP,PER,the great Jones,88243,88258,3
109,19721,19721,PRON,PER,his,88283,88286,3
105,19991,19991,PROP,PER,Holmes,89557,89563,14
115,20358,20359,PROP,PER,Captain Morstan,91336,91351,5
115,20408,20408,PROP,PER,Morstan,91573,91580,5
115,20460,20461,PROP,PER,Captain Morstan,91862,91877,5
142,20575,20575,PRON,PER,I,92373,92374,31
142,20593,20593,PRON,PER,you,92440,92443,31
142,20622,20622,PRON,PER,me,92537,92539,31
142,20625,20625,PRON,PER,I,92550,92551,31
142,20634,20634,PRON,PER,I,92581,92582,31
142,20661,20661,PRON,PER,I,92662,92663,31
142,20670,20671,PROP,PER,Mr. Sherman,92695,92706,31
142,20680,20680,PRON,PER,I,92735,92736,31
105,20691,20693,PROP,PER,Mr. Sherlock Holmes,92774,92793,14
142,20725,20726,PROP,PER,Mr. Sherman,92937,92948,31
105,20753,20754,PROP,PER,Mr. Sherlock,93056,93068,14
142,20761,20761,PRON,PER,he,93094,93096,31
105,20776,20776,PRON,PER,he,93143,93145,14
142,20838,20838,PRON,PER,I,93376,93377,31
142,20858,20858,PRON,PER,my,93457,93459,31
142,20870,20870,PRON,PER,I,93508,93509,31
142,20891,20891,PRON,PER,me,93596,93598,31
105,20898,20900,PROP,PER,Mr. Sherlock Holmes,93620,93639,14
105,20907,20907,PRON,PER,He,93656,93658,14
143,20921,20921,PROP,PER,Toby,93703,93707,27
143,20927,20927,PROP,PER,Toby,93717,93721,27
143,20934,20934,PROP,PER,Toby,93739,93743,27
143,21022,21022,PROP,PER,Toby,94182,94186,27
124,21141,21142,PROP,PER,Mr. Sholto,94727,94737,19
105,21175,21175,PROP,PER,Holmes,94896,94902,14
105,21185,21185,PRON,PER,his,94939,94942,14
105,21188,21188,PRON,PER,his,94952,94955,14
105,21192,21192,PRON,PER,his,94973,94976,14
105,21205,21205,PRON,PER,he,95015,95017,14
124,21235,21236,PROP,PER,friend Thaddeus,95142,95157,19
143,21275,21275,PROP,PER,Toby,95324,95328,27
143,21292,21292,PRON,PER,he,95392,95394,27
106,21379,21379,PROP,PER,Watson,95744,95750,21
105,21422,21422,PROP,PER,Holmes,95931,95937,14
105,21424,21424,PRON,PER,his,95945,95948,14
105,21436,21436,PRON,PER,I,95999,96000,14
105,21446,21446,PRON,PER,he,96051,96053,14
105,21523,21523,PRON,PER,I,96343,96344,14
105,21527,21527,PRON,PER,my,96359,96361,14
105,21594,21594,PRON,PER,I,96642,96643,14
105,21600,21600,PRON,PER,I,96664,96665,14
105,21605,21605,PRON,PER,my,96692,96694,14
105,21612,21612,PRON,PER,he,96712,96714,14
105,21629,21629,PRON,PER,he,96794,96796,14
105,21631,21631,PRON,PER,his,96801,96804,14
105,21643,21643,PRON,PER,him,96845,96848,14
105,21645,21645,PRON,PER,I,96850,96851,14
143,21649,21649,PROP,PER,Toby,96870,96874,27
105,21680,21681,PROP,PER,Sherlock Holmes,97007,97022,14
105,21691,21691,PRON,PER,him,97056,97059,14
105,21709,21709,PRON,PER,him,97141,97144,14
105,21717,21717,PRON,PER,he,97177,97179,14
105,21740,21740,PRON,PER,him,97293,97296,14
106,21753,21753,PROP,PER,Watson,97344,97350,21
105,21756,21756,PRON,PER,he,97353,97355,14
105,21821,21821,PRON,PER,I,97555,97556,14
105,21830,21830,PRON,PER,he,97593,97595,14
105,21875,21875,PRON,PER,he,97789,97791,14
105,21895,21895,PRON,PER,him,97868,97871,14
105,21898,21898,PRON,PER,he,97874,97876,14
105,21903,21903,PRON,PER,his,97894,97897,14
105,21919,21919,PRON,PER,his,97968,97971,14
105,21921,21921,PRON,PER,he,97978,97980,14
105,21928,21928,PRON,PER,my,98011,98013,14
105,21941,21941,PRON,PER,he,98071,98073,14
105,22016,22016,PRON,PER,he,98414,98416,14
105,22028,22028,PRON,PER,I,98459,98460,14
105,22043,22043,PRON,PER,he,98525,98527,14
105,22054,22054,PRON,PER,me,98566,98568,14
105,22063,22063,PRON,PER,I,98606,98607,14
105,22071,22071,PRON,PER,myself,98644,98650,14
106,22083,22083,PROP,PER,Watson,98688,98694,21
106,22094,22094,PRON,PER,Your,98725,98729,21
106,22109,22109,PRON,PER,you,98769,98772,21
143,22114,22116,PROP,PER,Good old Toby,98785,98798,27
143,22121,22121,PROP,PER,Toby,98810,98814,27
105,22127,22127,PRON,PER,He,98827,98829,14
105,22171,22171,PROP,PER,Holmes,99047,99053,14
105,22192,22192,PRON,PER,him,99152,99155,14
105,22218,22218,PRON,PER,his,99272,99275,14
105,22225,22225,PRON,PER,his,99300,99303,14
105,22241,22241,PRON,PER,his,99374,99377,14
143,22365,22365,PROP,PER,Toby,99957,99961,27
105,22425,22425,PROP,PER,Holmes,100257,100263,14
105,22437,22437,PRON,PER,he,100307,100309,14
105,22459,22459,PRON,PER,he,100390,100392,14
105,22467,22467,PRON,PER,him,100426,100429,14
143,22553,22553,PROP,PER,Toby,100825,100829,27
143,22563,22563,PRON,PER,his,100876,100879,27
105,22591,22591,PROP,PER,Holmes,101018,101024,14
105,22595,22595,PRON,PER,I,101032,101033,14
105,22598,22598,PRON,PER,my,101045,101047,14
105,22620,22620,PRON,PER,I,101151,101152,14
105,22627,22627,PRON,PER,me,101191,101193,14
105,22654,22654,PRON,PER,I,101309,101310,14
105,22659,22659,PRON,PER,I,101333,101334,14
105,22721,22721,PRON,PER,I,101609,101610,14
105,22723,22723,PRON,PER,you,101618,101621,14
105,22725,22725,PROP,PER,Holmes,101623,101629,14
105,22728,22728,PRON,PER,I,101636,101637,14
105,22735,22735,PRON,PER,you,101667,101670,14
105,22737,22737,PRON,PER,your,101678,101682,14
105,22746,22746,PRON,PER,I,101720,101721,14
105,22758,22758,PRON,PER,me,101775,101777,14
105,22772,22772,PRON,PER,you,101838,101841,14
105,22846,22846,PRON,PER,You,102172,102175,14
115,22857,22858,PROP,PER,Captain Morstan,102224,102239,5
115,22949,22949,PROP,PER,Morstan,102668,102675,5
150,23293,23294,PROP,PER,Lal Rao,104256,104263,9
137,23302,23303,PROP,PER,Mrs. Bernstone,104288,104302,15
1180,23312,23312,PROP,PER,Small,104340,104345,25
143,23655,23655,PROP,PER,Toby,106002,106006,27
124,23875,23876,PROP,PER,Thaddeus Sholto,107010,107025,19
124,23878,23878,PRON,PER,he,107031,107033,19
143,24157,24157,PRON,PER,him,108250,108253,27
143,24203,24203,PROP,PER,Toby,108452,108456,27
143,24301,24301,PROP,PER,Toby,108974,108978,27
143,24316,24316,PRON,PER,his,109049,109052,27
143,24436,24436,PROP,PER,Toby,109649,109653,27
143,24465,24465,PRON,PER,he,109801,109803,27
143,24487,24487,PRON,PER,his,109895,109898,27
105,24503,24503,PROP,PER,Holmes,109968,109974,14
143,24543,24543,PRON,PER,He,110113,110115,27
143,24559,24559,PRON,PER,He,110171,110173,27
143,24569,24569,PRON,PER,he,110221,110223,27
143,24573,24573,PRON,PER,his,110241,110244,27
143,24586,24586,PRON,PER,he,110308,110310,27
143,24603,24603,PRON,PER,he,110384,110386,27
143,24609,24609,PRON,PER,his,110407,110410,27
143,24618,24618,PRON,PER,his,110445,110448,27
105,24635,24635,PROP,PER,Holmes,110513,110519,14
105,24639,24639,PRON,PER,he,110532,110534,14
143,24762,24762,PROP,PER,Toby,111120,111124,27
489,24812,24813,NOM,ORG,Sherlock Holmes,111358,111373,14
105,24812,24813,PROP,PER,Sherlock Holmes,111358,111373,14
143,24848,24848,PROP,PER,Toby,111545,111549,27
143,24851,24851,PRON,PER,his,111559,111562,27
143,24858,24858,PRON,PER,He,111595,111597,27
143,24862,24862,PRON,PER,his,111617,111620,27
105,24867,24867,PROP,PER,Holmes,111635,111641,14
143,24870,24870,PRON,PER,him,111651,111654,27
143,24877,24877,PRON,PER,him,111688,111691,27
143,24926,24927,PROP,PER,Poor Toby,111908,111917,27
143,24944,24944,PRON,PER,I,111975,111976,27
143,25010,25010,PROP,PER,Toby,112284,112288,27
143,25015,25015,PRON,PER,he,112308,112310,27
143,25018,25018,PRON,PER,his,112325,112328,27
143,25021,25021,PRON,PER,he,112336,112338,27
143,25043,25043,PRON,PER,he,112437,112439,27
143,25065,25065,PRON,PER,I,112527,112528,27
143,25075,25075,PRON,PER,he,112570,112572,27
143,25142,25142,PROP,PER,Toby,112870,112874,27
105,25174,25174,PROP,PER,Holmes,113001,113007,14
143,25207,25207,PROP,PER,Toby,113142,113146,27
143,25217,25217,PRON,PER,he,113182,113184,27
143,25221,25221,PRON,PER,he,113204,113206,27
155,25251,25252,PROP,PER,Mordecai Smith,113339,113353,13
105,25307,25308,PROP,PER,Sherlock Holmes,113598,113613,14
105,25314,25314,PRON,PER,his,113639,113642,14
105,25328,25328,PRON,PER,he,113703,113705,14
105,25336,25336,PRON,PER,I,113739,113740,14
105,25350,25350,PRON,PER,I,113802,113803,14
105,25359,25359,PRON,PER,He,113847,113849,14
105,25404,25404,PRON,PER,You,114036,114039,14
156,25411,25411,PROP,PER,Jack,114065,114069,7
156,25421,25421,PRON,PER,you,114097,114100,7
156,25427,25427,PRON,PER,your,114119,114123,7
156,25433,25433,PRON,PER,you,114152,114155,7
105,25453,25453,PROP,PER,Holmes,114219,114225,14
156,25468,25468,PROP,PER,Jack,114282,114286,7
156,25473,25473,PRON,PER,you,114306,114309,7
156,25498,25498,PRON,PER,you,114399,114402,7
156,25523,25523,PRON,PER,you,114505,114508,7
157,25534,25535,PROP,PER,Mrs. Smith,114541,114551,18
105,25541,25541,PRON,PER,you,114567,114570,14
105,25559,25559,PRON,PER,me,114630,114632,14
105,25565,25565,PRON,PER,my,114660,114662,14
105,25583,25583,PROP,PER,Holmes,114713,114719,14
105,25591,25591,PRON,PER,I,114747,114748,14
105,25598,25598,PRON,PER,I,114772,114773,14
155,25603,25604,PROP,PER,Mr. Smith,114793,114802,13
105,25624,25624,PRON,PER,I,114872,114873,14
105,25644,25644,PRON,PER,I,114956,114957,14
105,25652,25652,PRON,PER,I,114982,114983,14
105,25684,25684,PRON,PER,me,115105,115107,14
105,25687,25687,PRON,PER,I,115113,115114,14
105,25714,25714,PRON,PER,I,115229,115230,14
105,25789,25789,PRON,PER,I,115533,115534,14
105,25808,25808,PRON,PER,I,115612,115613,14
105,25846,25846,PROP,PER,Holmes,115767,115773,14
105,25871,25871,PRON,PER,my,115865,115867,14
105,25890,25890,PRON,PER,my,115938,115940,14
105,25906,25906,PRON,PER,I,116000,116001,14
105,25913,25913,PRON,PER,I,116026,116027,14
105,25919,25919,PRON,PER,my,116047,116049,14
105,25928,25928,PRON,PER,my,116073,116075,14
157,25930,25931,PROP,PER,Mrs. Smith,116081,116091,18
105,25935,25935,PROP,PER,Holmes,116099,116105,14
105,25938,25938,PRON,PER,his,116117,116120,14
157,25942,25942,PRON,PER,You,116133,116136,18
157,25945,25945,PRON,PER,yourself,116153,116161,18
157,25951,25951,PRON,PER,you,116187,116190,18
105,25968,25968,PRON,PER,I,116262,116263,14
157,25974,25974,PRON,PER,you,116291,116294,18
105,25987,25987,PRON,PER,I,116330,116331,14
105,26027,26027,PRON,PER,My,116488,116490,14
105,26036,26036,PRON,PER,my,116519,116521,14
105,26051,26051,PRON,PER,me,116579,116581,14
105,26053,26053,PRON,PER,I,116583,116584,14
105,26081,26081,PRON,PER,I,116693,116694,14
105,26087,26087,PRON,PER,I,116709,116710,14
105,26097,26097,PRON,PER,I,116739,116740,14
157,26101,26102,PROP,PER,Mrs. Smith,116751,116761,18
105,26105,26105,PRON,PER,I,116767,116768,14
105,26112,26112,PRON,PER,I,116796,116797,14
105,26120,26120,PRON,PER,me,116833,116835,14
105,26194,26194,PRON,PER,I,117094,117095,14
155,26202,26203,PROP,PER,Mr. Smith,117130,117139,13
105,26205,26205,PRON,PER,I,117141,117142,14
105,26214,26214,PRON,PER,I,117175,117176,14
105,26223,26223,PRON,PER,I,117213,117214,14
155,26226,26226,PRON,PER,him,117225,117228,13
105,26237,26237,PRON,PER,you,117271,117274,14
157,26271,26272,PROP,PER,Mrs. Smith,117384,117394,18
106,26283,26283,PROP,PER,Watson,117435,117441,21
105,26307,26307,PROP,PER,Holmes,117531,117537,14
105,26416,26416,PRON,PER,My,117974,117976,14
105,26490,26490,PRON,PER,I,118296,118297,14
109,26494,26495,PROP,PER,Athelney Jones,118318,118332,3
109,26502,26502,PRON,PER,He,118356,118358,3
105,26510,26510,PRON,PER,I,118384,118385,14
109,26520,26520,PRON,PER,him,118436,118439,3
105,26524,26524,PRON,PER,I,118460,118461,14
105,26532,26532,PRON,PER,myself,118494,118500,14
109,26613,26613,PROP,PER,Jones,118841,118846,3
109,26625,26625,PRON,PER,his,118888,118891,3
143,26723,26723,PROP,PER,Toby,119291,119295,27
143,26726,26726,PRON,PER,he,119301,119303,27
105,26749,26749,PROP,PER,Holmes,119387,119393,14
105,26751,26751,PRON,PER,his,119405,119408,14
105,26764,26764,PRON,PER,he,119447,119449,14
105,26774,26774,PRON,PER,I,119486,119487,14
105,26777,26777,PRON,PER,I,119496,119497,14
105,26796,26796,PRON,PER,I,119587,119588,14
105,26830,26830,PRON,PER,I,119724,119725,14
105,26836,26836,PRON,PER,I,119752,119753,14
105,26846,26846,PRON,PER,my,119793,119795,14
159,26851,26851,PROP,PER,Wiggins,119821,119828,22
105,26854,26854,PRON,PER,I,119834,119835,14
159,26857,26857,PRON,PER,he,119848,119850,22
159,26859,26859,PRON,PER,his,119855,119858,22
105,27047,27047,PROP,PER,Holmes,120752,120758,14
109,27122,27124,PROP,PER,The energetic Jones,121096,121115,3
105,27265,27267,PROP,PER,Mr. Sherlock Holmes,121797,121816,14
106,27269,27270,PROP,PER,Dr. Watson,121821,121831,21
124,27279,27281,PROP,PER,Mr. Thaddeus Sholto,121866,121885,19
109,27296,27298,PROP,PER,Mr. Athelney Jones,121949,121967,3
109,27334,27334,PRON,PER,His,122130,122133,3
124,27358,27359,PROP,PER,Thaddeus Sholto,122275,122290,19
137,27371,27372,PROP,PER,Mrs. Bernstone,122350,122364,15
150,27378,27379,PROP,PER,Lal Rao,122389,122396,9
109,27408,27409,PROP,PER,Mr. Jones,122529,122538,3
109,27417,27417,PRON,PER,his,122576,122579,3
109,27424,27424,PRON,PER,him,122622,122625,3
105,27578,27578,PROP,PER,Holmes,123398,123404,14
105,27582,27582,PRON,PER,his,123420,123423,14
105,27590,27590,PRON,PER,you,123445,123448,14
113,27597,27597,PRON,PER,I,123465,123466,17
105,27619,27619,PRON,PER,I,123559,123560,14
113,27658,27659,PROP,PER,Mrs. Hudson,123728,123739,17
113,27665,27665,PRON,PER,her,123763,123766,17
105,27679,27679,PROP,PER,Holmes,123825,123831,14
105,27852,27852,PROP,PER,Holmes,124596,124602,14
159,27867,27867,PROP,PER,Wiggins,124662,124669,22
105,27872,27872,PRON,PER,me,124682,124684,14
105,27874,27874,PRON,PER,I,124686,124687,14
105,27900,27900,PRON,PER,I,124802,124803,14
155,27917,27918,PROP,PER,Mordecai Smith,124878,124892,13
105,27940,27940,PRON,PER,I,124987,124988,14
155,27947,27948,PROP,PER,Mordecai Smith,125011,125025,13
105,27978,27978,PRON,PER,me,125166,125168,14
159,28000,28000,PROP,PER,Wiggins,125242,125249,22
159,28033,28033,PRON,PER,He,125361,125363,22
105,28074,28074,PROP,PER,Holmes,125545,125551,14
105,28077,28077,PRON,PER,he,125556,125558,14
105,28084,28084,PRON,PER,his,125587,125590,14
105,28100,28100,PRON,PER,I,125658,125659,14
155,28141,28143,PROP,PER,Mr. Mordecai Smith,125845,125863,13
143,28147,28147,PROP,PER,Toby,125868,125872,27
105,28158,28158,PRON,PER,you,125913,125916,14
105,28163,28163,PROP,PER,Holmes,125931,125937,14
105,28169,28169,PRON,PER,I,125946,125947,14
105,28174,28174,PRON,PER,I,125962,125963,14
105,28180,28180,PRON,PER,I,125993,125994,14
105,28191,28191,PRON,PER,me,126058,126060,14
105,28194,28194,PRON,PER,I,126073,126074,14
105,28208,28208,PRON,PER,my,126140,126142,14
105,28245,28245,PRON,PER,I,126291,126292,14
105,28262,28262,PRON,PER,I,126357,126358,14
105,28274,28274,PRON,PER,you,126401,126404,14
105,28279,28279,PRON,PER,you,126418,126421,14
105,28283,28283,PRON,PER,your,126439,126443,14
105,28321,28321,PRON,PER,you,126619,126622,14
106,28681,28681,PROP,PER,Watson,128310,128316,21
106,28789,28789,PROP,PER,Watson,128863,128869,21
106,28904,28904,PROP,PER,Watson,129369,129375,21
106,28906,28906,PRON,PER,you,129377,129380,21
106,28924,28924,PRON,PER,you,129451,129454,21
105,29049,29050,PROP,PER,Sherlock Holmes,130023,130038,14
105,29058,29058,PRON,PER,him,130071,130074,14
105,29062,29062,PRON,PER,he,130086,130088,14
105,29066,29066,PRON,PER,his,130104,130107,14
105,29075,29075,PRON,PER,He,130139,130141,14
105,29089,29089,PRON,PER,his,130196,130199,14
105,29103,29103,PRON,PER,he,130255,130257,14
105,29107,29107,PRON,PER,I,130265,130266,14
105,29128,29128,PRON,PER,you,130343,130346,14
105,29141,29141,PRON,PER,I,130391,130392,14
105,29144,29144,PRON,PER,I,130406,130407,14
105,29150,29150,PRON,PER,I,130439,130440,14
159,29158,29158,PROP,PER,Wiggins,130483,130490,22
159,29166,29166,PRON,PER,He,130519,130521,22
105,29253,29253,PRON,PER,I,130873,130874,14
105,29291,29291,PROP,PER,Holmes,131035,131041,14
105,29300,29300,PRON,PER,his,131074,131077,14
105,29322,29322,PRON,PER,I,131164,131165,14
105,29332,29332,PROP,PER,Holmes,131202,131208,14
143,29399,29399,PROP,PER,Toby,131469,131473,27
124,29508,29509,PROP,PER,Mr. Sholto,131953,131963,19
124,29709,29711,PROP,PER,Mr. Thaddeus Sholto,132820,132839,19
124,29733,29733,PRON,PER,he,132924,132926,19
124,29748,29748,PRON,PER,him,133002,133005,19
105,29811,29813,PROP,PER,Mr. Sherlock Holmes,133284,133303,14
113,29822,29823,PROP,PER,Mrs. Hudson,133329,133340,17
113,29825,29825,PRON,PER,she,133344,133347,17
113,29855,29855,PRON,PER,her,133445,133448,17
113,29863,29863,PRON,PER,I,133484,133485,17
113,29875,29876,PROP,PER,Mrs. Hudson,133523,133534,17
113,29890,29890,PRON,PER,you,133575,133578,17
113,29909,29909,PRON,PER,I,133649,133650,17
113,29920,29920,PRON,PER,I,133696,133697,17
113,29947,29948,PROP,PER,Mrs. Hudson,133821,133832,17
113,29961,29961,PRON,PER,I,133879,133880,17
113,29972,29972,PRON,PER,I,133925,133926,17
113,29984,29984,PRON,PER,I,133963,133964,17
113,29999,29999,PRON,PER,me,134039,134041,17
113,30008,30008,PRON,PER,I,134070,134071,17
113,30014,30014,PRON,PER,I,134092,134093,17
113,30036,30037,PROP,PER,Mrs. Hudson,134170,134181,17
113,30044,30044,PRON,PER,I,134197,134198,17
157,30252,30253,PROP,PER,Mrs. Smith,135130,135140,18
157,30256,30256,PRON,PER,her,135150,135153,18
157,30284,30285,PROP,PER,Mrs. Smith,135279,135289,18
159,30406,30406,PROP,PER,Wiggins,135770,135777,22
124,30436,30437,PROP,PER,Thaddeus Sholto,135932,135947,19
105,30490,30490,PROP,PER,Holmes,136178,136184,14
105,30496,30496,PRON,PER,He,136215,136217,14
105,30506,30506,PRON,PER,himself,136265,136272,14
105,30554,30554,PRON,PER,his,136520,136523,14
105,30562,30562,PRON,PER,he,136554,136556,14
105,30567,30567,PRON,PER,his,136578,136581,14
105,30586,30586,PRON,PER,him,136671,136674,14
105,30610,30610,PRON,PER,his,136775,136778,14
105,30614,30614,PRON,PER,I,136787,136788,14
106,30621,30621,PROP,PER,Watson,136812,136818,21
105,30625,30625,PRON,PER,he,136826,136828,14
105,30628,30628,PRON,PER,I,136831,136832,14
105,30635,30635,PRON,PER,my,136862,136864,14
105,30639,30639,PRON,PER,I,136875,136876,14
105,30665,30665,PRON,PER,you,136970,136973,14
105,30675,30675,PRON,PER,you,136996,136999,14
105,30682,30682,PRON,PER,you,137027,137030,14
105,30687,30687,PRON,PER,my,137051,137053,14
105,30690,30690,PRON,PER,I,137070,137071,14
159,30713,30713,PROP,PER,Wiggins,137167,137174,22
105,30721,30721,PRON,PER,I,137211,137212,14
105,30723,30723,PRON,PER,you,137218,137221,14
105,30735,30735,PRON,PER,your,137269,137273,14
105,30745,30745,PRON,PER,I,137316,137317,14
105,30748,30748,PRON,PER,you,137328,137331,14
105,30757,30757,PRON,PER,I,137355,137356,14
105,30761,30761,PRON,PER,you,137372,137375,14
105,30769,30769,PRON,PER,me,137404,137406,14
105,30772,30772,PRON,PER,I,137412,137413,14
105,30778,30778,PRON,PER,I,137440,137441,14
105,30781,30781,PRON,PER,myself,137451,137457,14
105,30784,30784,PRON,PER,I,137462,137463,14
105,30791,30791,PRON,PER,I,137485,137486,14
105,30800,30800,PRON,PER,I,137517,137518,14
105,30810,30810,PRON,PER,I,137564,137565,14
124,30892,30894,PROP,PER,Mr. Thaddeus Sholto,137956,137975,19
124,30906,30906,PRON,PER,He,138028,138030,19
137,30911,30912,PROP,PER,Mrs. Bernstone,138052,138066,15
109,30945,30947,PROP,PER,Mr. Athelney Jones,138219,138237,3
109,30955,30955,PRON,PER,his,138266,138269,3
124,31061,31061,PRON,PER,his,138738,138741,19
157,31116,31117,PROP,PER,Mrs. Smith,138983,138993,18
105,31151,31151,PROP,PER,Holmes,139134,139140,14
105,31229,31229,PROP,PER,Holmes,139499,139505,14
105,31235,31235,PRON,PER,his,139532,139535,14
105,31284,31284,PRON,PER,he,139770,139772,14
105,31299,31299,PRON,PER,his,139842,139845,14
105,31318,31318,PRON,PER,him,139944,139947,14
105,31333,31333,PRON,PER,He,140020,140022,14
105,31350,31350,PRON,PER,his,140096,140099,14
105,31353,31353,PRON,PER,his,140107,140110,14
105,31371,31371,PRON,PER,his,140212,140215,14
105,31395,31395,PRON,PER,his,140310,140313,14
105,31434,31434,PROP,PER,Holmes,140510,140516,14
109,31485,31487,PROP,PER,Mr. Athelney Jones,140750,140768,3
105,31497,31497,PRON,PER,he,140808,140810,14
105,31522,31522,PRON,PER,His,140939,140942,14
105,31528,31528,PRON,PER,his,140972,140975,14
105,31548,31548,PRON,PER,he,141043,141045,14
105,31551,31553,PROP,PER,Mr. Sherlock Holmes,141048,141067,14
105,31557,31557,PRON,PER,I,141076,141077,14
105,31571,31571,PRON,PER,he,141124,141126,14
105,31599,31599,PRON,PER,I,141236,141237,14
105,31604,31604,PRON,PER,I,141252,141253,14
105,31609,31609,PRON,PER,he,141264,141266,14
105,31612,31612,PRON,PER,his,141276,141279,14
124,31697,31698,PROP,PER,Mr. Sholto,141615,141625,19
124,31704,31704,PRON,PER,he,141641,141643,19
124,31715,31715,PRON,PER,He,141685,141687,19
124,31732,31732,PRON,PER,he,141761,141763,19
124,31734,31734,PRON,PER,his,141769,141772,19
124,31738,31738,PRON,PER,he,141788,141790,19
124,31755,31755,PRON,PER,he,141855,141857,19
105,31805,31807,PROP,PER,Mr. Sherlock Holmes,142068,142087,14
124,31827,31827,PRON,PER,He,142159,142161,19
124,31859,31859,PRON,PER,he,142282,142284,19
124,31867,31867,PRON,PER,He,142315,142317,19
124,31871,31871,PRON,PER,his,142334,142337,19
124,31892,31892,PRON,PER,he,142425,142427,19
124,31916,31916,PRON,PER,him,142524,142527,19
124,31925,31925,PRON,PER,he,142569,142571,19
109,32049,32049,PROP,PER,Jones,143052,143057,3
109,32080,32080,PRON,PER,my,143189,143191,3
558,32180,32182,NOM,PER,an aged man,143628,143639,14
105,32324,32326,PROP,PER,Mr. Sherlock Holmes,144281,144300,14
105,32341,32341,PRON,PER,him,144343,144346,14
105,32352,32352,PRON,PER,him,144389,144392,14
105,32359,32359,PRON,PER,him,144407,144410,14
105,32360,32360,PRON,PER,himself,144411,144418,14
105,32381,32381,PRON,PER,him,144485,144488,14
105,32408,32408,PRON,PER,he,144586,144588,14
105,32437,32437,PRON,PER,him,144693,144696,14
105,32445,32445,PRON,PER,him,144716,144719,14
105,32473,32473,PRON,PER,him,144825,144828,14
105,32496,32497,PROP,PER,Mr. Holmes,144896,144906,14
105,32503,32504,PROP,PER,Mr. Holmes,144924,144934,14
105,32511,32511,PRON,PER,himself,144960,144967,14
109,32541,32542,PROP,PER,Athelney Jones,145076,145090,3
109,32554,32554,PRON,PER,my,145126,145128,3
109,32559,32559,PRON,PER,he,145143,145145,3
109,32605,32606,PROP,PER,Athelney Jones,145335,145349,3
109,32608,32608,PRON,PER,his,145354,145357,3
109,32615,32615,PRON,PER,he,145384,145386,3
109,32630,32630,PRON,PER,he,145463,145465,3
109,32634,32634,PRON,PER,his,145482,145485,3
109,32638,32638,PRON,PER,I,145494,145495,3
109,32651,32651,PRON,PER,I,145543,145544,3
109,32655,32655,PRON,PER,my,145558,145560,3
109,32659,32659,PRON,PER,me,145573,145575,3
109,32662,32662,PRON,PER,me,145586,145588,3
109,32726,32726,PROP,PER,Jones,145850,145855,3
105,32740,32740,PROP,PER,Holmes,145914,145920,14
105,32749,32749,PRON,PER,I,145949,145950,14
105,32755,32755,PRON,PER,me,145978,145980,14
105,32761,32761,PRON,PER,he,145995,145997,14
105,32773,32773,PROP,PER,Holmes,146046,146052,14
105,32786,32786,PROP,PER,Holmes,146107,146113,14
105,32793,32793,PRON,PER,You,146130,146133,14
105,32813,32813,PRON,PER,he,146196,146198,14
105,32837,32837,PRON,PER,I,146281,146282,14
105,32839,32839,PRON,PER,my,146291,146293,14
105,32846,32846,PRON,PER,I,146324,146325,14
105,32860,32860,PRON,PER,You,146380,146383,14
109,32865,32865,PROP,PER,Jones,146398,146403,3
105,32871,32871,PRON,PER,You,146424,146427,14
105,32883,32883,PRON,PER,You,146470,146473,14
105,32895,32895,PRON,PER,yours,146529,146534,14
109,32903,32903,PRON,PER,I,146564,146565,3
109,32905,32905,PRON,PER,I,146574,146575,3
105,32910,32910,PRON,PER,your,146594,146598,14
105,32915,32915,PRON,PER,You,146612,146615,14
105,32925,32925,PRON,PER,You,146651,146654,14
105,32930,32930,PRON,PER,I,146663,146664,14
105,32944,32944,PRON,PER,he,146713,146715,14
105,32947,32947,PRON,PER,his,146726,146729,14
105,32951,32951,PRON,PER,You,146738,146741,14
105,32964,32964,PRON,PER,me,146797,146799,14
105,32976,32976,PRON,PER,my,146861,146863,14
105,32980,32980,PRON,PER,I,146874,146875,14
105,32996,32996,PRON,PER,You,146942,146945,14
105,32998,32998,PRON,PER,my,146950,146952,14
105,33009,33009,PRON,PER,me,146989,146991,14
105,33016,33016,PRON,PER,your,147009,147013,14
105,33029,33029,PRON,PER,I,147061,147062,14
105,33036,33036,PRON,PER,my,147090,147092,14
105,33057,33057,PRON,PER,you,147181,147184,14
105,33067,33067,PRON,PER,you,147222,147225,14
105,33070,33070,PRON,PER,yourself,147235,147243,14
105,33072,33072,PRON,PER,my,147250,147252,14
105,33075,33075,PRON,PER,You,147261,147264,14
105,33085,33085,PRON,PER,you,147309,147312,14
105,33092,33092,PRON,PER,I,147339,147340,14
105,33105,33105,PRON,PER,you,147384,147387,14
105,33108,33108,PRON,PER,me,147398,147400,14
105,33123,33123,PRON,PER,I,147447,147448,14
105,33160,33160,PRON,PER,I,147608,147609,14
105,33175,33175,PRON,PER,I,147671,147672,14
105,33215,33215,PRON,PER,I,147830,147831,14
105,33224,33224,PRON,PER,my,147869,147871,14
106,33255,33255,PROP,PER,Watson,148000,148006,21
105,33266,33266,PRON,PER,me,148043,148045,14
109,33277,33277,PROP,PER,Jones,148088,148093,3
109,33280,33280,PRON,PER,his,148103,148106,3
109,33293,33293,PRON,PER,I,148157,148158,3
105,33330,33330,PRON,PER,I,148345,148346,14
106,33350,33350,PRON,PER,You,148445,148448,21
105,33352,33352,PRON,PER,I,148454,148455,14
105,33359,33359,PRON,PER,my,148483,148485,14
105,33368,33368,PRON,PER,my,148522,148524,14
105,33379,33379,PRON,PER,my,148581,148583,14
106,33396,33396,PRON,PER,you,148651,148654,21
109,33403,33403,PRON,PER,I,148684,148685,3
106,33420,33420,PRON,PER,you,148761,148764,21
109,33424,33424,PRON,PER,I,148779,148780,3
109,33429,33429,PRON,PER,I,148795,148796,3
106,33432,33432,PRON,PER,you,148808,148811,21
105,33459,33459,PRON,PER,I,148915,148916,14
106,33462,33462,PRON,PER,your,148929,148933,21
105,33476,33476,PRON,PER,I,148984,148985,14
106,33494,33494,PROP,PER,Watson,149069,149075,21
106,33496,33496,PRON,PER,you,149077,149080,21
105,33501,33501,PRON,PER,my,149107,149109,14
105,33522,33522,PROP,PER,Holmes,149200,149206,14
105,33528,33528,PRON,PER,he,149240,149242,14
105,33534,33534,PRON,PER,he,149265,149267,14
105,33538,33538,PRON,PER,He,149280,149282,14
105,33553,33553,PRON,PER,him,149351,149354,14
105,33557,33557,PRON,PER,He,149369,149371,14
105,33600,33600,PRON,PER,he,149564,149566,14
105,33609,33609,PRON,PER,His,149599,149602,14
105,33616,33616,PRON,PER,his,149642,149645,14
109,33624,33625,PROP,PER,Athelney Jones,149686,149700,3
109,33633,33633,PRON,PER,his,149733,149736,3
109,33640,33640,PRON,PER,his,149768,149771,3
105,33676,33676,PROP,PER,Holmes,149920,149926,14
105,33701,33701,PROP,PER,Holmes,150043,150049,14
105,33704,33704,PRON,PER,his,150061,150064,14
105,33721,33721,PRON,PER,he,150130,150132,14
105,33743,33743,PRON,PER,you,150218,150221,14
106,33747,33747,PROP,PER,Watson,150232,150238,21
105,33751,33751,PRON,PER,I,150243,150244,14
105,33753,33753,PRON,PER,my,150250,150252,14
105,33759,33759,PRON,PER,my,150277,150279,14
105,33764,33764,PRON,PER,You,150289,150292,14
105,33779,33779,PRON,PER,I,150344,150345,14
105,33789,33789,PRON,PER,I,150379,150380,14
105,33819,33819,PROP,PER,Holmes,150515,150521,14
109,33874,33874,PROP,PER,Jones,150728,150733,3
105,33876,33876,PROP,PER,Holmes,150735,150741,14
109,33913,33913,PROP,PER,Jones,150885,150890,3
105,33954,33954,PROP,PER,Holmes,151072,151078,14
105,33984,33984,PRON,PER,he,151216,151218,14
105,34028,34028,PRON,PER,you,151382,151385,14
106,34034,34034,PROP,PER,Watson,151405,151411,21
105,34036,34036,PRON,PER,You,151413,151416,14
157,34453,34454,PROP,PER,Mrs. Smith,153344,153354,18
157,34493,34493,PROP,PER,Smith,153507,153512,18
109,35087,35087,PRON,PER,You,156136,156139,3
109,35106,35106,PROP,PER,Jones,156218,156223,3
109,35115,35115,PRON,PER,my,156252,156254,3
109,35117,35117,PRON,PER,I,156261,156262,3
109,35178,35178,PRON,PER,you,156531,156534,3
105,35327,35327,PROP,PER,Holmes,157202,157208,14
105,35358,35358,PRON,PER,He,157346,157348,14
105,35367,35367,PRON,PER,his,157383,157386,14
105,35378,35378,PRON,PER,I,157429,157430,14
105,35380,35380,PRON,PER,my,157435,157437,14
105,35387,35387,PRON,PER,he,157459,157461,14
109,35418,35418,PROP,PER,Jones,157577,157582,3
105,35460,35460,PROP,PER,Holmes,157760,157766,14
105,35551,35551,PRON,PER,I,158135,158136,14
105,35620,35620,PROP,PER,Holmes,158433,158439,14
105,35690,35690,PRON,PER,I,158778,158779,14
105,35710,35710,PRON,PER,your,158859,158863,14
105,35736,35736,PROP,PER,Holmes,158944,158950,14
105,35763,35763,PRON,PER,I,159064,159065,14
105,35767,35767,PRON,PER,myself,159086,159092,14
109,35831,35831,PROP,PER,Jones,159372,159377,3
109,35838,35838,PRON,PER,his,159410,159413,3
109,35848,35848,PRON,PER,he,159441,159443,3
109,35852,35852,PRON,PER,I,159451,159452,3
105,35871,35871,PROP,PER,Holmes,159513,159519,14
105,35874,35874,PRON,PER,his,159529,159532,14
105,36082,36082,PROP,PER,Holmes,160438,160444,14
105,36100,36100,PRON,PER,his,160524,160527,14
109,36117,36117,PRON,PER,I,160588,160589,3
109,36126,36126,PROP,PER,Jones,160620,160625,3
109,36129,36129,PRON,PER,his,160632,160635,3
109,36320,36320,PROP,PER,Jones,161490,161495,3
109,36580,36580,PROP,PER,Jones,162748,162753,3
105,36750,36750,PROP,PER,Holmes,163558,163564,14
105,36754,36754,PRON,PER,his,163583,163586,14
105,36862,36862,PROP,PER,Holmes,164095,164101,14
105,37419,37419,PROP,PER,Holmes,166660,166666,14
105,37476,37476,PROP,PER,Holmes,166929,166935,14
105,37482,37482,PRON,PER,his,166962,166965,14
105,37485,37485,PRON,PER,his,166979,166982,14
105,37741,37741,PROP,PER,Holmes,168176,168182,14
105,37748,37748,PRON,PER,I,168203,168204,14
105,37763,37763,PRON,PER,I,168253,168254,14
105,37768,37768,PRON,PER,he,168262,168264,14
105,37774,37774,PRON,PER,I,168285,168286,14
105,37779,37779,PRON,PER,I,168306,168307,14
105,37786,37786,PRON,PER,I,168332,168333,14
105,37789,37789,PRON,PER,my,168343,168345,14
105,37795,37795,PRON,PER,I,168368,168369,14
124,37800,37801,PROP,PER,Mr. Sholto,168396,168406,19
124,37819,37819,PRON,PER,him,168482,168485,19
105,37821,37821,PRON,PER,I,168487,168488,14
105,37830,37830,PRON,PER,I,168513,168514,14
105,37839,37839,PRON,PER,my,168548,168550,14
105,37844,37844,PRON,PER,I,168567,168568,14
105,37865,37865,PRON,PER,I,168653,168654,14
105,37880,37880,PROP,PER,Holmes,168703,168709,14
105,37892,37892,PRON,PER,my,168748,168750,14
124,37917,37918,PROP,PER,Mr. Sholto,168859,168869,19
124,37921,37921,PRON,PER,him,168879,168882,19
105,37951,37951,PRON,PER,I,168999,169000,14
105,37959,37959,PRON,PER,I,169031,169032,14
124,37975,37976,PROP,PER,Mr. Sholto,169100,169110,19
124,37981,37981,PRON,PER,his,169132,169135,19
105,37984,37984,PRON,PER,I,169144,169145,14
105,37997,37997,PRON,PER,I,169206,169207,14
105,38015,38015,PRON,PER,I,169277,169278,14
124,38020,38020,PRON,PER,him,169300,169303,19
105,38026,38026,PRON,PER,I,169324,169325,14
124,38034,38034,PRON,PER,him,169364,169367,19
105,38047,38047,PRON,PER,I,169422,169423,14
105,38058,38058,PRON,PER,I,169475,169476,14
109,38072,38074,PROP,PER,Mr. Athelney Jones,169533,169551,3
109,38080,38080,PRON,PER,He,169571,169573,3
105,38088,38088,PRON,PER,my,169602,169604,14
105,38092,38092,PRON,PER,I,169616,169617,14
105,38117,38117,PRON,PER,I,169716,169717,14
105,38120,38120,PRON,PER,I,169728,169729,14
105,38128,38128,PRON,PER,I,169752,169753,14
105,38130,38130,PRON,PER,I,169760,169761,14
171,38201,38201,PROP,PER,Tonga,170058,170063,20
109,38398,38399,PROP,PER,Athelney Jones,170909,170923,3
109,38401,38401,PRON,PER,his,170931,170934,3
109,38419,38419,PRON,PER,he,171011,171013,3
109,38423,38423,PRON,PER,I,171025,171026,3
109,38425,38425,PRON,PER,I,171033,171034,3
105,38434,38434,PROP,PER,Holmes,171068,171074,14
109,38438,38438,PRON,PER,I,171082,171083,3
109,38462,38462,PRON,PER,I,171188,171189,3
105,38465,38465,PROP,PER,Holmes,171195,171201,14
105,38467,38467,PRON,PER,you,171203,171206,14
105,38471,38471,PRON,PER,you,171225,171228,14
105,38498,38498,PROP,PER,Holmes,171326,171332,14
105,38502,38502,PRON,PER,I,171339,171340,14
109,38676,38678,PROP,PER,the consequential Jones,172080,172103,3
109,38684,38684,PRON,PER,himself,172134,172141,3
105,38700,38701,PROP,PER,Sherlock Holmes,172219,172234,14
105,38716,38716,PRON,PER,him,172294,172297,14
109,38729,38729,PROP,PER,Jones,172348,172353,3
105,38735,38735,PRON,PER,you,172371,172374,14
106,38737,38738,PROP,PER,Dr. Watson,172376,172386,21
109,38746,38746,PRON,PER,I,172411,172412,3
105,38750,38750,PRON,PER,you,172430,172433,14
109,38752,38752,PRON,PER,I,172439,172440,3
109,38760,38760,PRON,PER,myself,172484,172490,3
109,38779,38779,PRON,PER,I,172572,172573,3
1582,38791,38792,NOM,PER,an inspector,172615,172627,29
105,38794,38794,PRON,PER,you,172633,172636,14
105,38797,38797,PRON,PER,you,172644,172647,14
105,38804,38804,PRON,PER,You,172675,172678,14
105,38838,38838,PRON,PER,You,172794,172797,14
109,38851,38851,PRON,PER,my,172844,172846,3
659,38865,38865,PROP,PER,Small,172889,172894,25
105,38876,38876,PRON,PER,your,172929,172933,14
105,38889,38889,PRON,PER,you,173007,173010,14
109,38895,38895,PRON,PER,I,173029,173030,3
105,38899,38899,PRON,PER,you,173045,173048,14
105,38909,38909,PRON,PER,you,173088,173091,14
105,38916,38916,PRON,PER,You,173119,173122,14
124,39296,39297,PROP,PER,Thaddeus Sholto,174815,174830,19
105,39411,39412,PROP,PER,Sherlock Holmes,175293,175308,14
105,39434,39434,PRON,PER,his,175401,175404,14
106,39464,39465,PROP,PER,Dr. Watson,175521,175531,21
105,39484,39484,PROP,PER,Holmes,175609,175615,14
109,39502,39503,PROP,PER,Athelney Jones,175689,175703,3
1595,39794,39794,PROP,PER,Small,176894,176899,25
675,40190,40194,NOM,PER,that inspector in the cab,178595,178620,0
124,40267,40269,PROP,PER,Mr. Thaddeus Sholto,178920,178939,19
124,40280,40280,PRON,PER,He,178965,178967,19
109,40316,40318,PROP,PER,Mr. Athelney Jones,179109,179127,3
105,40355,40355,PROP,PER,Holmes,179300,179306,14
1599,40435,40435,PROP,PER,Small,179681,179686,25
109,40439,40440,PROP,PER,Athelney Jones,179694,179708,3
124,40600,40600,PROP,PER,Sholto,180352,180358,19
176,40616,40616,PROP,PER,Achmet,180419,180425,2
171,40630,40631,PROP,PER,little Tonga,180480,180492,20
1608,40670,40670,PROP,PER,Small,180644,180649,25
109,40674,40675,PROP,PER,Athelney Jones,180657,180671,3
109,40709,40709,PRON,PER,me,180815,180817,3
109,40721,40721,PRON,PER,he,180860,180862,3
109,40740,40740,PRON,PER,me,180943,180945,3
109,40778,40778,PRON,PER,my,181102,181104,3
109,40786,40786,PRON,PER,I,181129,181130,3
109,40807,40807,PRON,PER,I,181213,181214,3
109,40812,40812,PRON,PER,my,181229,181231,3
109,40816,40816,PRON,PER,I,181242,181243,3
109,40822,40822,PRON,PER,I,181262,181263,3
1612,40841,40841,PROP,PER,Small,181339,181344,25
685,40906,40906,PRON,PER,I,181603,181604,25
685,40921,40921,PRON,PER,I,181667,181668,25
685,40987,40987,PRON,PER,I,181961,181962,25
685,40997,40997,PRON,PER,me,182005,182007,25
685,41001,41001,PRON,PER,I,182027,182028,25
685,41008,41008,PRON,PER,I,182054,182055,25
685,41020,41020,PRON,PER,I,182109,182110,25
685,41037,41037,PRON,PER,my,182180,182182,25
685,41065,41065,PRON,PER,mine,182302,182306,25
685,41068,41068,PROP,PER,Small,182309,182314,25
685,41071,41071,PRON,PER,his,182327,182330,25
685,41089,41089,PRON,PER,his,182403,182406,25
685,41103,41103,PRON,PER,his,182488,182491,25
105,41152,41152,PRON,PER,we,182729,182731,14
105,41161,41161,PROP,PER,Holmes,182764,182770,14
105,41165,41165,PRON,PER,We,182781,182783,14
105,41173,41173,PRON,PER,we,182815,182817,14
105,41298,41298,PRON,PER,I,183293,183294,14
105,41303,41303,PRON,PER,myself,183319,183325,14
105,41309,41309,PRON,PER,I,183347,183348,14
105,41328,41328,PRON,PER,I,183428,183429,14
105,41344,41344,PRON,PER,I,183501,183502,14
105,41356,41356,PRON,PER,I,183549,183550,14
105,41367,41367,PRON,PER,me,183594,183596,14
105,41394,41394,PRON,PER,I,183708,183709,14
105,41409,41409,PRON,PER,I,183762,183763,14
105,41414,41414,PRON,PER,I,183784,183785,14
105,41422,41422,PRON,PER,I,183817,183818,14
105,41642,41642,PRON,PER,I,184782,184783,14
105,41653,41653,PRON,PER,my,184824,184826,14
105,41660,41660,PRON,PER,I,184850,184851,14
105,41669,41669,PRON,PER,my,184892,184894,14
105,41675,41675,PRON,PER,my,184920,184922,14
105,41736,41736,PRON,PER,me,185196,185198,14
105,41751,41751,PRON,PER,me,185271,185273,14
105,41769,41769,PRON,PER,my,185349,185351,14
105,41777,41777,PRON,PER,I,185383,185384,14
105,41791,41791,PRON,PER,I,185444,185445,14
105,41824,41824,PRON,PER,I,185575,185576,14
105,41831,41831,PRON,PER,I,185618,185619,14
105,41839,41839,PRON,PER,my,185658,185660,14
105,41860,41860,PRON,PER,my,185746,185748,14
105,41868,41868,PRON,PER,me,185785,185787,14
105,42545,42545,PRON,PER,I,188903,188904,14
105,42725,42725,PRON,PER,I,189706,189707,14
105,42756,42756,PRON,PER,I,189843,189844,14
105,42761,42761,PRON,PER,I,189857,189858,14
105,42781,42781,PRON,PER,I,189933,189934,14
105,43163,43163,PRON,PER,I,191698,191699,14
105,43173,43173,PRON,PER,me,191752,191754,14
105,43176,43176,PRON,PER,I,191762,191763,14
105,43194,43194,PRON,PER,I,191829,191830,14
105,43199,43199,PRON,PER,my,191851,191853,14
119,43211,43212,PROP,PER,Mahomet Singh,191904,191917,10
120,43214,43215,PROP,PER,Abdullah Khan,191922,191935,1
105,43243,43243,PRON,PER,I,192057,192058,14
105,43267,43267,PRON,PER,myself,192174,192180,14
105,43269,43269,PRON,PER,I,192182,192183,14
105,43511,43511,PRON,PER,My,193297,193299,14
105,43568,43568,PRON,PER,I,193576,193577,14
105,43576,43576,PRON,PER,myself,193608,193614,14
105,43579,43579,PRON,PER,I,193620,193621,14
105,43582,43582,PRON,PER,my,193631,193633,14
105,43586,43586,PRON,PER,I,193649,193650,14
105,43592,43592,PRON,PER,I,193675,193676,14
105,43600,43600,PRON,PER,my,193708,193710,14
105,43603,43603,PRON,PER,I,193719,193720,14
105,43605,43605,PRON,PER,my,193728,193730,14
105,43618,43618,PRON,PER,my,193786,193788,14
105,43633,43633,PRON,PER,me,193850,193852,14
105,43637,43637,PRON,PER,my,193868,193870,14
105,43644,43644,PRON,PER,I,193894,193895,14
105,43646,43646,PRON,PER,myself,193903,193909,14
105,43689,43689,PRON,PER,I,194078,194079,14
105,43693,43693,PRON,PER,I,194093,194094,14
105,43695,43695,PRON,PER,my,194102,194104,14
105,43697,43697,PRON,PER,I,194111,194112,14
105,43703,43703,PRON,PER,I,194129,194130,14
105,43714,43714,PRON,PER,I,194173,194174,14
105,43731,43731,PRON,PER,me,194247,194249,14
122,43738,43738,PROP,PER,Sahib,194268,194273,34
120,43754,43755,PROP,PER,Abdullah Khan,194342,194355,1
122,43757,43757,PRON,PER,You,194358,194361,34
122,43765,43765,PRON,PER,you,194392,194395,34
122,43784,43784,PRON,PER,you,194478,194481,34
122,43792,43792,PRON,PER,your,194512,194516,34
122,43802,43802,PRON,PER,your,194557,194561,34
122,43845,43845,PRON,PER,you,194742,194745,34
105,43871,43871,PRON,PER,I,194859,194860,14
122,43876,43876,PRON,PER,You,194879,194882,34
105,43880,43880,PRON,PER,me,194897,194899,14
122,43882,43882,PRON,PER,you,194905,194908,34
105,43885,43885,PRON,PER,me,194917,194919,14
105,43888,43888,PRON,PER,I,194925,194926,14
122,43890,43890,PRON,PER,you,194932,194935,34
105,43903,43903,PRON,PER,I,194994,194995,14
122,43912,43912,PRON,PER,you,195027,195030,34
122,43916,43916,PRON,PER,your,195046,195050,34
105,43930,43930,PRON,PER,he,195112,195114,14
122,43935,43935,PRON,PER,you,195129,195132,34
122,43940,43940,PRON,PER,your,195150,195154,34
122,43950,43950,PRON,PER,you,195196,195199,34
122,43956,43956,PRON,PER,you,195215,195218,34
122,43969,43969,PRON,PER,you,195266,195269,34
122,43990,43990,PRON,PER,you,195362,195365,34
122,43993,43993,PRON,PER,your,195377,195381,34
122,44007,44007,PRON,PER,yours,195441,195446,34
105,44024,44024,PRON,PER,I,195507,195508,14
105,44027,44027,PRON,PER,I,195517,195518,14
122,44035,44035,PRON,PER,you,195545,195548,34
122,44040,44040,PRON,PER,you,195560,195563,34
105,44044,44044,PRON,PER,me,195578,195580,14
105,44052,44052,PRON,PER,You,195605,195608,14
122,44059,44059,PRON,PER,he,195633,195635,34
122,44065,44065,PRON,PER,your,195654,195658,34
122,44072,44072,PRON,PER,your,195684,195688,34
122,44079,44079,PRON,PER,your,195713,195717,34
105,44099,44099,PRON,PER,I,195802,195803,14
105,44104,44104,PRON,PER,I,195820,195821,14
122,44124,44124,PRON,PER,you,195917,195920,34
105,44150,44150,PRON,PER,I.,196042,196044,14
121,44154,44155,PROP,PER,Dost Akbar,196052,196062,6
121,44158,44158,PRON,PER,his,196073,196076,6
122,44167,44167,PRON,PER,you,196108,196111,34
122,44174,44174,PRON,PER,you,196136,196139,34
119,44180,44181,PROP,PER,Mahomet Singh,196159,196172,10
122,44195,44195,PROP,PER,Sahib,196230,196235,34
122,44202,44202,PRON,PER,you,196254,196257,34
122,44220,44220,PRON,PER,you,196337,196340,34
122,44223,44223,PRON,PER,you,196346,196349,34
122,44230,44230,PRON,PER,you,196378,196381,34
122,44242,44242,PRON,PER,your,196432,196436,34
122,44252,44252,PRON,PER,your,196479,196483,34
122,44556,44556,PROP,PER,Sahib,197820,197825,34
176,44584,44584,PROP,PER,Achmet,197957,197963,2
121,44616,44617,PROP,PER,Dost Akbar,198094,198104,6
121,44624,44625,PROP,PER,Dost Akbar,198128,198138,6
119,44662,44663,PROP,PER,Mahomet Singh,198298,198311,10
176,44689,44689,PROP,PER,Achmet,198430,198436,2
122,44712,44712,PROP,PER,Sahib,198529,198534,34
176,44757,44757,PROP,PER,Achmet,198740,198746,2
105,44771,44771,PRON,PER,me,198805,198807,14
105,44780,44780,PRON,PER,my,198844,198846,14
105,44787,44787,PRON,PER,I,198871,198872,14
105,44791,44791,PRON,PER,I,198889,198890,14
105,44803,44803,PRON,PER,my,198936,198938,14
176,44820,44820,PRON,PER,his,199007,199010,2
105,44827,44827,PRON,PER,I,199042,199043,14
105,44835,44835,PRON,PER,my,199076,199078,14
120,44838,44839,PROP,PER,Abdullah Khan,199085,199098,1
105,44845,44845,PRON,PER,I,199123,199124,14
122,44857,44857,PROP,PER,Sahib,199182,199187,34
120,44860,44860,PRON,PER,he,199195,199197,1
122,44981,44981,PROP,PER,Sahib,199699,199704,34
122,44984,44984,PRON,PER,you,199714,199717,34
122,44995,44995,PRON,PER,you,199755,199758,34
105,45001,45001,PRON,PER,I,199776,199777,14
122,45004,45004,PRON,PER,you,199786,199789,34
105,45010,45010,PRON,PER,I.,199812,199814,14
122,45016,45016,PRON,PER,he,199831,199833,34
122,45025,45025,PRON,PER,You,199874,199877,34
122,45030,45030,PRON,PER,you,199896,199899,34
122,45033,45033,PRON,PER,your,199905,199909,34
122,45060,45060,PRON,PER,your,200015,200019,34
122,45068,45068,PRON,PER,you,200048,200051,34
105,45072,45072,PRON,PER,I,200062,200063,14
119,45097,45098,PROP,PER,Mahomet Singh,200158,200171,10
105,45173,45173,PRON,PER,me,200492,200494,14
105,45236,45236,PRON,PER,I,200792,200793,14
122,45240,45240,PRON,PER,You,200808,200811,34
122,45245,45245,PROP,PER,Sahib,200832,200837,34
120,45251,45251,PROP,PER,Abdullah,200860,200868,1
122,45273,45273,PRON,PER,you,200951,200954,34
105,45312,45312,PRON,PER,I,201131,201132,14
105,45326,45326,PRON,PER,I,201193,201194,14
105,45351,45351,PRON,PER,I,201303,201304,14
105,45375,45375,PRON,PER,I,201400,201401,14
105,45377,45377,PRON,PER,my,201412,201414,14
105,45411,45411,PRON,PER,I,201573,201574,14
105,45501,45501,PRON,PER,me,201952,201954,14
105,45511,45511,PRON,PER,I,201995,201996,14
105,45518,45518,PRON,PER,my,202026,202028,14
105,45527,45527,PRON,PER,me,202065,202067,14
105,45532,45532,PRON,PER,my,202081,202083,14
105,45547,45547,PRON,PER,me,202155,202157,14
105,45550,45550,PRON,PER,Your,202162,202166,14
122,45553,45553,PROP,PER,Sahib,202179,202184,34
105,45558,45558,PRON,PER,your,202199,202203,14
105,45629,45629,PRON,PER,I,202541,202542,14
122,45678,45679,PROP,PER,young Sahib,202746,202757,34
105,45697,45697,PRON,PER,I,202824,202825,14
105,45701,45701,PRON,PER,myself,202842,202848,14
105,45711,45711,PRON,PER,I,202888,202889,14
105,46109,46109,PROP,PER,Holmes,204665,204671,14
105,46182,46183,PROP,PER,Sherlock Holmes,205014,205029,14
109,46185,46185,PROP,PER,Jones,205034,205039,3
105,46347,46347,PROP,PER,Holmes,205742,205748,14
120,46359,46359,PROP,PER,Abdullah,205786,205794,1
121,46361,46361,PROP,PER,Akbar,205796,205801,6
119,46381,46382,PROP,PER,Mahomet Singh,205867,205880,10
176,46449,46449,PROP,PER,Achmet,206181,206187,2
119,46767,46768,PROP,PER,Mahomet Singh,207650,207663,10
122,47015,47016,PROP,PER,Nana Sahib,208776,208786,34
122,47018,47018,PRON,PER,himself,208792,208799,34
176,47095,47095,PROP,PER,Achmet,209178,209184,2
176,47115,47115,PROP,PER,Achmet,209263,209269,2
176,47172,47172,PROP,PER,Achmet,209524,209530,2
176,47227,47227,PROP,PER,Achmet,209784,209790,2
115,47917,47918,PROP,PER,Captain Morstan,212863,212878,5
115,48190,48191,PROP,PER,Captain Morstan,214092,214107,5
115,48229,48229,PROP,PER,Morstan,214271,214278,5
1977,48336,48336,PROP,PER,Small,214713,214718,25
1981,48435,48435,PROP,PER,Small,215143,215148,25
1987,48582,48582,PROP,PER,Small,215752,215757,25
115,48685,48686,PROP,PER,Captain Morstan,216194,216209,5
115,48708,48709,PROP,PER,Captain Morstan,216292,216307,5
115,48753,48754,PROP,PER,Captain Morstan,216468,216483,5
115,49153,49153,PROP,PER,Morstan,218200,218207,5
2006,49211,49211,PROP,PER,Small,218445,218450,25
2006,49226,49226,PRON,PER,you,218503,218506,25
2006,49239,49239,PRON,PER,your,218552,218556,25
2006,49301,49301,PRON,PER,you,218813,218816,25
119,49362,49363,PROP,PER,Mahomet Singh,219065,219078,10
120,49365,49366,PROP,PER,Abdullah Khan,219080,219093,1
121,49369,49370,PROP,PER,Dost Akbar,219099,219109,6
115,49481,49482,PROP,PER,Captain Morstan,219598,219613,5
115,49511,49511,PRON,PER,he,219734,219736,5
115,49520,49520,PRON,PER,his,219773,219776,5
120,49575,49575,PROP,PER,Abdullah,220003,220011,1
121,49577,49577,PROP,PER,Akbar,220013,220018,6
119,49579,49579,PROP,PER,Mahomet,220020,220027,10
109,49603,49604,PROP,PER,Mr. Jones,220118,220127,3
115,49640,49641,PROP,PER,Captain Morstan,220276,220291,5
115,49693,49693,PROP,PER,Morstan,220516,220523,5
2032,49994,49994,PROP,PER,Tonga,221829,221834,20
2032,49998,49998,PRON,PER,his,221848,221851,20
2032,50013,50013,PRON,PER,his,221909,221912,20
2032,50020,50020,PRON,PER,he,221936,221938,20
2032,50045,50045,PRON,PER,him,222041,222044,20
2032,50047,50047,PRON,PER,He,222046,222048,20
2032,50051,50051,PRON,PER,his,222062,222065,20
2032,50069,50069,PRON,PER,he,222147,222149,20
2032,50078,50078,PRON,PER,him,222176,222179,20
2032,50101,50101,PRON,PER,He,222276,222278,20
171,50108,50109,PROP,PER,little Tonga,222304,222316,20
2032,50124,50124,PRON,PER,he,222375,222377,20
2032,50126,50126,PRON,PER,his,222382,222385,20
2032,50184,50184,PRON,PER,him,222634,222637,20
2032,50200,50200,PRON,PER,He,222699,222701,20
2032,50206,50206,PRON,PER,his,222725,222728,20
2032,50212,50212,PRON,PER,his,222745,222748,20
2032,50215,50215,PRON,PER,his,222760,222763,20
2032,50227,50227,PRON,PER,his,222813,222816,20
2032,50277,50277,PRON,PER,him,223031,223034,20
2032,50279,50279,PRON,PER,He,223036,223038,20
2032,50281,50281,PRON,PER,his,223043,223046,20
2032,50284,50284,PRON,PER,his,223058,223061,20
2032,50290,50290,PRON,PER,him,223085,223088,20
2032,50299,50299,PRON,PER,his,223126,223129,20
2032,50315,50315,PRON,PER,him,223190,223193,20
2032,50338,50338,PRON,PER,him,223282,223285,20
171,50361,50361,PROP,PER,Tonga,223373,223378,20
2032,50365,50365,PRON,PER,his,223395,223398,20
2032,50369,50369,PRON,PER,him,223424,223427,20
2032,50371,50371,PRON,PER,his,223429,223432,20
2032,50374,50374,PRON,PER,his,223442,223445,20
2032,50381,50381,PRON,PER,he,223472,223474,20
171,50449,50449,PROP,PER,Tonga,223774,223779,20
171,51111,51111,PROP,PER,Tonga,226611,226616,20
2076,51166,51166,PROP,PER,Tonga,226841,226846,20
2080,51271,51271,PROP,PER,Tonga,227306,227311,20
109,51294,51294,PRON,PER,I,227398,227399,3
109,51299,51299,PRON,PER,I,227416,227417,3
109,51307,51307,PRON,PER,I,227450,227451,3
109,51326,51326,PRON,PER,I,227527,227528,3
109,51338,51338,PRON,PER,I,227580,227581,3
109,51390,51390,PRON,PER,I,227780,227781,3
109,51410,51410,PRON,PER,me,227855,227857,3
109,51420,51420,PRON,PER,I,227894,227895,3
109,51425,51425,PRON,PER,I,227921,227922,3
109,51443,51443,PRON,PER,I,227999,228000,3
109,51445,51445,PRON,PER,myself,228006,228012,3
109,51455,51455,PRON,PER,I,228059,228060,3
105,51473,51474,PROP,PER,Sherlock Holmes,228125,228140,14
105,51495,51495,PRON,PER,me,228226,228228,14
105,51513,51513,PRON,PER,I,228311,228312,14
105,51522,51522,PRON,PER,I,228339,228340,14
171,51526,51526,PROP,PER,Tonga,228356,228361,20
105,51578,51578,PROP,PER,Holmes,228542,228548,14
105,51581,51581,PRON,PER,I,228551,228552,14
105,51596,51596,PRON,PER,you,228612,228615,14
105,51616,51616,PRON,PER,you,228691,228694,14
105,51626,51626,PROP,PER,Holmes,228728,228734,14
109,51630,51631,PROP,PER,Athelney Jones,228742,228756,3
105,51634,51634,PRON,PER,You,228759,228762,14
105,51647,51647,PRON,PER,you,228810,228813,14
109,51660,51660,PRON,PER,I,228864,228865,3
105,51668,51668,PRON,PER,you,228901,228904,14
105,51670,51670,PRON,PER,your,228909,228913,14
109,51673,51673,PRON,PER,me,228927,228929,3
109,51675,51675,PRON,PER,I,228931,228932,3
109,51707,51707,PRON,PER,I,229079,229080,3
105,51712,51712,PRON,PER,you,229100,229103,14
105,51715,51715,PRON,PER,your,229113,229117,14
105,51720,51720,PRON,PER,you,229140,229143,14
105,51732,51732,PRON,PER,you,229187,229190,14
105,51749,51749,PRON,PER,You,229247,229250,14
2100,51752,51752,PROP,PER,Small,229258,229263,25
109,51756,51758,PROP,PER,the wary Jones,229275,229289,3
109,51766,51766,PRON,PER,I,229314,229315,3
105,51772,51772,PRON,PER,you,229345,229348,14
109,51776,51776,PRON,PER,me,229360,229362,3
105,51778,51778,PRON,PER,your,229368,229372,14
105,51783,51783,PRON,PER,you,229394,229397,14
105,51842,51842,PRON,PER,your,229653,229657,14
109,51862,51862,PRON,PER,He,229747,229749,3
109,51870,51870,PRON,PER,I,229777,229778,3
109,51877,51877,PRON,PER,he,229801,229803,3
109,51880,51880,PRON,PER,I,229806,229807,3
105,51885,51885,PRON,PER,you,229835,229838,14
109,51896,51896,PRON,PER,you,229869,229872,3
150,52187,52188,PROP,PER,Lal Rao,231113,231120,9
109,52194,52194,PROP,PER,Jones,231137,231142,3
109,52206,52206,PRON,PER,his,231206,231209,3
109,52241,52241,PROP,PER,Jones,231342,231347,3
105,52255,52255,PRON,PER,me,231399,231401,14
105,52259,52260,PROP,PER,Sherlock Holmes,231409,231424,14
105,52273,52273,PRON,PER,he,231472,231474,14
105,52275,52275,PRON,PER,his,231485,231488,14
